SALE TYPE,SOLD DATE,PROPERTY TYPE,ADDRESS,CITY,STATE OR PROVINCE,ZIP OR POSTAL CODE,PRICE,BEDS,BATHS,LOCATION,SQUARE FEET,LOT SIZE,YEAR BUILT,DAYS ON MARKET,$/SQUARE FEET,HOA/MONTH,STATUS,NEXT OPEN HOUSE START TIME,NEXT OPEN HOUSE END TIME,URL (SEE https://www.redfin.com/buy-a-home/comparative-market-analysis FOR INFO ON PRICING),SOURCE,MLS#,FAVORITE,INTERESTED,LATITUDE,LONGITUDE
"In accordance with local MLS rules, some MLS listings are not included in the download"
PAST SALE,June-9-2025,Condo/Co-op,12505 NE 116th St Unit A10,Kirkland,WA,98034,407000,2,1.0,North Rose Hill,923,,1980,,441,489,Sold,,,https://www.redfin.com/WA/Kirkland/12505-NE-116th-St-98034/unit-A10/home/56104,NWMLS as Distributed by MLS Grid,2391648,N,Y,47.7035535,-122.1738674
PAST SALE,May-2-2025,Vacant Land,7532 123rd Ave NE,Kirkland,WA,98033,1325000,,,Rose Hill,,12196,,,,,Sold,,,https://www.redfin.com/WA/Kirkland/7532-123rd-Ave-NE-98033/home/517411,NWMLS as Distributed by MLS Grid,2343465,N,Y,47.6726345,-122.1756315
PAST SALE,August-15-2025,Condo/Co-op,935 1st St S #4,Kirkland,WA,98033,1300000,2,1.0,Kirkland,1065,,1963,,1221,475,Sold,,,https://www.redfin.com/WA/Kirkland/935-1st-St-S-98033/unit-4/home/21647,NWMLS as Distributed by MLS Grid,2409221,N,Y,47.668248,-122.2061295
PAST SALE,August-19-2025,Single Family Residential,13810 SE 51st Pl,Bellevue,WA,98006,1960000,4,3.0,Bellevue,3280,10800,1986,,598,,Sold,,,https://www.redfin.com/WA/Bellevue/13810-SE-51st-Pl-98006/home/239900,NWMLS as Distributed by MLS Grid,2401684,N,Y,47.5566909,-122.1554956
PAST SALE,April-30-2025,Condo/Co-op,4173 W Lake Sammamish Pkwy SE Unit A103,Bellevue,WA,98008,450000,2,1.5,Bellevue,891,,1981,,505,489,Sold,,,https://www.redfin.com/WA/Bellevue/4173-W-Lake-Sammamish-Pkwy-SE-98008/unit-A103/home/31902,NWMLS as Distributed by MLS Grid,2347614,N,Y,47.5702519,-122.102283
PAST SALE,May-29-2025,Townhouse,12601 Sunbreak Way NE,Redmond,WA,98053,980000,2,2.5,Redmond,1900,2984,2004,,516,340,Sold,,,https://www.redfin.com/WA/Redmond/12601-Sunbreak-Way-NE-98053/home/2064277,NWMLS as Distributed by MLS Grid,2371791,N,Y,47.711538,-122.034945
PAST SALE,April-29-2025,Single Family Residential,2412 176th Ct NE,Redmond,WA,98052,1650000,4,2.5,Idylwood,1860,12073,1985,,887,,Sold,,,https://www.redfin.com/WA/Redmond/2412-176th-Ct-NE-98052/home/503330,NWMLS as Distributed by MLS Grid,2333251,N,Y,47.6316475,-122.1047024
PAST SALE,June-5-2025,Single Family Residential,8659 233rd Pl NE,Redmond,WA,98053,1460000,3,2.5,Redmond Ridge,2120,3630,2004,,689,72,Sold,,,https://www.redfin.com/WA/Redmond/8659-233rd-Pl-NE-98053/home/2077544,NWMLS as Distributed by MLS Grid,2369152,N,Y,47.6796228,-122.030664
PAST SALE,May-16-2025,Single Family Residential,11067 Elliston Way NE,Redmond,WA,98053,860000,4,2.5,Redmond Ridge,1844,5340,2008,,466,97,Sold,,,https://www.redfin.com/WA/Redmond/11067-Elliston-Way-NE-98053/home/18659599,NWMLS as Distributed by MLS Grid,2363124,N,Y,47.6965505,-122.0259496
PAST SALE,May-20-2025,Single Family Residential,6276 119th Ave SE,Bellevue,WA,98006,1899000,5,3.0,Newport Hills,2990,5879,2014,,635,150,Sold,,,https://www.redfin.com/WA/Bellevue/6276-119th-Ave-SE-98006/home/55550592,NWMLS as Distributed by MLS Grid,2356679,N,Y,47.5466128,-122.1821254
PAST SALE,May-13-2025,Condo/Co-op,8808 Redmond Woodinville Rd NE Unit C201,Redmond,WA,98052,549000,2,2.0,Redmond,982,,2001,,559,632,Sold,,,https://www.redfin.com/WA/Redmond/8808-Redmond-Woodinville-Rd-NE-98052/unit-C201/home/2073975,NWMLS as Distributed by MLS Grid,2359934,N,Y,47.6812833,-122.1220685
PAST SALE,July-22-2025,Single Family Residential,13811 119th Ave NE,Kirkland,WA,98034,1249000,5,2.5,Kingsgate,2820,8400,1966,,443,63,Sold,,,https://www.redfin.com/WA/Kirkland/13811-119th-Ave-NE-98034/home/455411,NWMLS as Distributed by MLS Grid,2395232,N,Y,47.7240225,-122.181953
PAST SALE,May-8-2025,Single Family Residential,9831 NE 128th St,Kirkland,WA,98034,1007500,3,2.0,North Juanita,1420,7020,1969,,710,,Sold,,,https://www.redfin.com/WA/Kirkland/9831-NE-128th-St-98034/home/278849,NWMLS as Distributed by MLS Grid,2352276,N,Y,47.7146251,-122.2091223
PAST SALE,June-25-2025,Condo/Co-op,375 Kirkland Ave #216,Kirkland,WA,98033,954750,2,2.5,Downtown,1462,,2007,,653,963,Sold,,,https://www.redfin.com/WA/Kirkland/375-Kirkland-Ave-98033/unit-216/home/12092835,NWMLS as Distributed by MLS Grid,2383008,N,Y,47.6752781,-122.2009136
PAST SALE,September-11-2025,Single Family Residential,2109 168th Ave NE,Bellevue,WA,98008,1230000,3,2.0,Microsoft,1510,7622,1965,,815,,Sold,,,https://www.redfin.com/WA/Bellevue/2109-168th-Ave-NE-98008/home/433037,NWMLS as Distributed by MLS Grid,2415216,N,Y,47.6290323,-122.1157703
PAST SALE,April-17-2025,Single Family Residential,14252 92nd Ave NE,Kirkland,WA,98034,1296000,3,2.5,Finn Hill,2340,8267,1977,,554,,Sold,,,https://www.redfin.com/WA/Kirkland/14252-92nd-Ave-NE-98034/home/278892,NWMLS as Distributed by MLS Grid,2344899,N,Y,47.7301809,-122.2187431
PAST SALE,September-3-2025,Single Family Residential,2371 132nd Ave SE,Bellevue,WA,98005,1810000,5,3.5,Woodridge,2690,2502,1999,,673,100,Sold,,,https://www.redfin.com/WA/Bellevue/2371-132nd-Ave-SE-98005/home/509541,NWMLS as Distributed by MLS Grid,2416001,N,Y,47.589279,-122.1657327
PAST SALE,May-27-2025,Single Family Residential,9708 218th Pl NE,Redmond,WA,98053,1274000,3,2.5,Redmond,1900,53143,1988,,671,,Sold,,,https://www.redfin.com/WA/Redmond/9708-218th-Pl-NE-98053/home/446162,NWMLS as Distributed by MLS Grid,2361526,N,Y,47.6865491,-122.0471423
PAST SALE,July-22-2025,Single Family Residential,4812 158th Ct NE,Redmond,WA,98052,1801000,4,2.5,Redmond,2040,10057,1978,,883,,Sold,,,https://www.redfin.com/WA/Redmond/4812-158th-Ct-NE-98052/home/504147,NWMLS as Distributed by MLS Grid,2392620,N,Y,47.65262,-122.1289906
PAST SALE,August-12-2025,Single Family Residential,21630 NE 79th St,Redmond,WA,98053,2895000,4,3.5,Union Hill,3848,55962,2024,,752,,Sold,,,https://www.redfin.com/WA/Redmond/21630-NE-79th-St-98053/home/445230,NWMLS as Distributed by MLS Grid,2402566,N,Y,47.6743775,-122.0509616
PAST SALE,May-28-2025,Single Family Residential,13214 91st Pl NE,Kirkland,WA,98034,1415000,3,2.5,Kirkland,1968,9748,1969,,719,,Sold,,,https://www.redfin.com/WA/Kirkland/13214-91st-Pl-NE-98034/home/277550,NWMLS as Distributed by MLS Grid,2360772,N,Y,47.7190243,-122.2185697
PAST SALE,April-24-2025,Single Family Residential,511 7th Ave #102,Kirkland,WA,98033,1040000,2,2.0,Moss Bay,1382,1,2000,,753,914,Sold,,,https://www.redfin.com/WA/Kirkland/511-7th-Ave-98033/unit-102/home/33044,NWMLS as Distributed by MLS Grid,2346946,N,Y,47.6802898,-122.198517
PAST SALE,August-29-2025,Single Family Residential,223 19th Ave,Kirkland,WA,98033,1555000,4,3.0,Kirkland,1860,10012,1981,,836,,Sold,,,https://www.redfin.com/WA/Kirkland/223-19th-Ave-98033/home/461266,NWMLS as Distributed by MLS Grid,2408575,N,Y,47.6909733,-122.2058405
PAST SALE,June-23-2025,Townhouse,4171 145th Ave NE Unit G2,Bellevue,WA,98007,640000,2,2.5,Bridle Trails,1308,,1979,,489,658,Sold,,,https://www.redfin.com/WA/Bellevue/4171-145th-Ave-NE-98007/unit-G2/home/58946,NWMLS as Distributed by MLS Grid,2371053,N,Y,47.6475167,-122.1471555
PAST SALE,April-24-2025,Single Family Residential,12719 NE 80th Ln,Kirkland,WA,98033,1548000,3,2.5,Rose Hill,2400,10140,1975,,645,,Sold,,,https://www.redfin.com/WA/Kirkland/12719-NE-80th-Ln-98033/home/516905,NWMLS as Distributed by MLS Grid,2346599,N,Y,47.675861,-122.1703582
PAST SALE,September-23-2025,Single Family Residential,19460 NE Redmond Rd,Redmond,WA,98053,813000,3,1.0,Novelty Hill,1130,24700,1958,,719,,Sold,,,https://www.redfin.com/WA/Redmond/19460-NE-Redmond-Rd-98053/home/444932,NWMLS as Distributed by MLS Grid,2422564,N,Y,47.6918438,-122.0802474
PAST SALE,June-20-2025,Single Family Residential,5003 120th Ave SE,Bellevue,WA,98006,1560000,6,3.0,Newport Hills,2650,10342,1970,,589,,Sold,,,https://www.redfin.com/WA/Bellevue/5003-120th-Ave-SE-98006/home/415968,NWMLS as Distributed by MLS Grid,2378890,N,Y,47.5581868,-122.177778
PAST SALE,April-11-2025,Single Family Residential,6225 123rd Ave SE,Bellevue,WA,98006,1270000,4,3.0,Newport Hills,2140,12005,1962,,593,,Sold,,,https://www.redfin.com/WA/Bellevue/6225-123rd-Ave-SE-98006/home/414242,NWMLS as Distributed by MLS Grid,2336179,N,Y,47.5467418,-122.1760577
PAST SALE,May-19-2025,Single Family Residential,13518 92nd Pl NE,Kirkland,WA,98034,1000000,3,1.5,Finn Hill,1580,7178,1974,,633,,Sold,,,https://www.redfin.com/WA/Kirkland/13518-92nd-Pl-NE-98034/home/279292,NWMLS as Distributed by MLS Grid,2360110,N,Y,47.721073,-122.2175398
PAST SALE,July-29-2025,Single Family Residential,16102 NE 107th Ct,Redmond,WA,98052,1155000,3,3.0,Education Hill,1440,6853,1980,,802,,Sold,,,https://www.redfin.com/WA/Redmond/16102-NE-107th-Ct-98052/home/324278,NWMLS as Distributed by MLS Grid,2396997,N,Y,47.6967063,-122.1244766
PAST SALE,July-3-2025,Single Family Residential,26708 NE 40th St,Redmond,WA,98053,950000,3,1.5,Redmond,1730,43472,1984,,549,,Sold,,,https://www.redfin.com/WA/Redmond/26708-NE-40th-St-98053/home/446855,NWMLS as Distributed by MLS Grid,2382937,N,Y,47.64459,-121.9824568
PAST SALE,May-13-2025,Condo/Co-op,831 126th Pl NE Unit B107,Bellevue,WA,98005,410000,1,1.0,Bellevue,794,,1969,,516,491,Sold,,,https://www.redfin.com/WA/Bellevue/831-126th-Pl-NE-98005/unit-B107/home/13865,NWMLS as Distributed by MLS Grid,2355091,N,Y,47.6178719,-122.1713456
PAST SALE,June-20-2025,Condo/Co-op,30 6th St,Kirkland,WA,98033,2240000,4,3.5,Kirkland,3010,,2019,,744,243,Sold,,,https://www.redfin.com/WA/Kirkland/30-6th-St-98033/home/166965629,NWMLS as Distributed by MLS Grid,2370749,N,Y,47.6761495,-122.1965301
PAST SALE,April-24-2025,Single Family Residential,11612 NE 74th St,Kirkland,WA,98033,1405000,4,3.0,Rose Hill,2060,6600,1976,,682,,Sold,,,https://www.redfin.com/WA/Kirkland/11612-NE-74th-St-98033/home/516185,NWMLS as Distributed by MLS Grid,2339121,N,Y,47.6712776,-122.1850594
PAST SALE,April-8-2025,Condo/Co-op,6260 139th Ave NE #73,Redmond,WA,98052,540000,2,2.0,Bridle Trails,1143,,1969,,472,678,Sold,,,https://www.redfin.com/WA/Redmond/6260-139th-Ave-NE-98052/unit-73/home/1035,NWMLS as Distributed by MLS Grid,2338223,N,Y,47.662539,-122.1539379
PAST SALE,August-14-2025,Single Family Residential,12512 SE 70th St,Newcastle,WA,98056,950000,4,4.0,Newcastle,2550,7577,1967,,373,,Sold,,,https://www.redfin.com/WA/Newcastle/12512-SE-70th-St-98056/home/413872,NWMLS as Distributed by MLS Grid,2390549,N,Y,47.5401402,-122.1732409
PAST SALE,August-28-2025,Condo/Co-op,12505 NE 116th St Unit A26,Kirkland,WA,98034,330000,1,1.0,North Rose Hill,707,,1980,,467,383,Sold,,,https://www.redfin.com/WA/Kirkland/12505-NE-116th-St-98034/unit-A26/home/43792,NWMLS as Distributed by MLS Grid,2409094,N,Y,47.7035535,-122.1738674
PAST SALE,June-2-2025,Condo/Co-op,11008 NE 68th St #721,Kirkland,WA,98033,277500,1,1.0,Everest Park,616,,1968,,450,362,Sold,,,https://www.redfin.com/WA/Kirkland/11008-NE-68th-St-98033/unit-721/home/61212,NWMLS as Distributed by MLS Grid,2358978,N,Y,47.6672306,-122.1932134
PAST SALE,May-22-2025,Condo/Co-op,12719 NE 116th St Unit E102,Kirkland,WA,98034,425000,2,1.0,North Rose Hill,880,,1981,,483,441,Sold,,,https://www.redfin.com/WA/Kirkland/12719-NE-116th-St-98034/unit-E102/home/191557325,NWMLS as Distributed by MLS Grid,2351652,N,Y,47.7038983,-122.1710397
PAST SALE,September-4-2025,Single Family Residential,12575 SE 52nd St,Bellevue,WA,98006,1270000,4,3.0,Newport Hills,2665,8314,1961,,477,,Sold,,,https://www.redfin.com/WA/Bellevue/12575-SE-52nd-St-98006/home/414141,NWMLS as Distributed by MLS Grid,2397573,N,Y,47.5547031,-122.1706333
PAST SALE,July-2-2025,Single Family Residential,12224 SE 39th St,Bellevue,WA,98006,1260000,3,3.0,Greenwich Crest,1870,10200,1997,,674,,Sold,,,https://www.redfin.com/WA/Bellevue/12224-SE-39th-St-98006/home/233849,NWMLS as Distributed by MLS Grid,2371511,N,Y,47.5759783,-122.175875
PAST SALE,June-23-2025,Single Family Residential,5990 167th Ave SE,Bellevue,WA,98006,2280000,4,3.5,Lakemont,4190,14051,1993,,544,,Sold,,,https://www.redfin.com/WA/Bellevue/5990-167th-Ave-SE-98006/home/418233,NWMLS as Distributed by MLS Grid,2364416,N,Y,47.548865,-122.1171019
PAST SALE,July-30-2025,Single Family Residential,7511 230th Ave NE,Redmond,WA,98053,1475000,3,3.0,Redmond,2520,29040,1969,,585,,Sold,,,https://www.redfin.com/WA/Redmond/7511-230th-Ave-NE-98053/home/444203,NWMLS as Distributed by MLS Grid,2387927,N,Y,47.6717407,-122.0337114
PAST SALE,August-8-2025,Condo/Co-op,13145 102nd Ln NE #6,Kirkland,WA,98034,607000,3,2.0,Juanita,1149,,1985,,528,498,Sold,,,https://www.redfin.com/WA/Kirkland/13145-102nd-Ln-NE-98034/unit-6/home/2116482,NWMLS as Distributed by MLS Grid,2396183,N,Y,47.7179019,-122.2048554
PAST SALE,June-12-2025,Single Family Residential,13780 NE 77th Pl,Redmond,WA,98052,1640000,4,3.0,Grass Lawn Park,2320,8106,1962,,707,,Sold,,,https://www.redfin.com/WA/Redmond/13780-NE-77th-Pl-98052/home/516146,NWMLS as Distributed by MLS Grid,2362062,N,Y,47.673698,-122.1558596
PAST SALE,August-29-2025,Townhouse,11323 101st Pl NE,Kirkland,WA,98033,810000,2,2.5,Juanita,1365,,1986,,593,475,Sold,,,https://www.redfin.com/WA/Kirkland/11323-101st-Pl-NE-98033/home/39517370,NWMLS as Distributed by MLS Grid,2394867,N,Y,47.7027209,-122.2058667
PAST SALE,September-19-2025,Single Family Residential,409 5th Ave W,Kirkland,WA,98033,7050000,3,2.0,West Of Market,1980,26611,1938,,3561,17,Sold,,,https://www.redfin.com/WA/Kirkland/409-5th-Ave-W-98033/home/282499,NWMLS as Distributed by MLS Grid,2410387,N,Y,47.6833018,-122.2155497
PAST SALE,September-2-2025,Single Family Residential,13218 106th Pl NE,Kirkland,WA,98034,1572500,4,3.0,Kirkland,2810,4089,2013,,560,33,Sold,,,https://www.redfin.com/WA/Kirkland/13218-106th-Pl-NE-98034/home/45517895,NWMLS as Distributed by MLS Grid,2406667,N,Y,47.718982,-122.1988848
PAST SALE,July-21-2025,Condo/Co-op,4515 125th Ave SE Unit B308,Bellevue,WA,98006,540000,2,2.0,Bellevue,1052,,1986,,513,607,Sold,,,https://www.redfin.com/WA/Bellevue/4515-125th-Ave-SE-98006/unit-B308/home/12536996,NWMLS as Distributed by MLS Grid,2375418,N,Y,47.5654598,-122.1739642
PAST SALE,June-18-2025,Single Family Residential,10628 106th Pl NE,Kirkland,WA,98033,1830000,4,2.5,Juanita,2740,5474,2007,,668,71,Sold,,,https://www.redfin.com/WA/Kirkland/10628-106th-Pl-NE-98033/home/12304136,NWMLS as Distributed by MLS Grid,2343728,N,Y,47.6948399,-122.1988562
PAST SALE,August-29-2025,Single Family Residential,11211 NE 106th Pl,Kirkland,WA,98033,1400000,3,2.0,Highlands,1800,3872,1994,,778,117,Sold,,,https://www.redfin.com/WA/Kirkland/11211-NE-106th-Pl-98033/home/463473,NWMLS as Distributed by MLS Grid,2398102,N,Y,47.6942245,-122.1897925
PAST SALE,September-12-2025,Single Family Residential,4364 151st Ave SE,Bellevue,WA,98006,1250000,5,3.0,Eastgate,2160,10620,1954,,579,,Sold,,,https://www.redfin.com/WA/Bellevue/4364-151st-Ave-SE-98006/home/240268,NWMLS as Distributed by MLS Grid,2410400,N,Y,47.5681653,-122.1381893
PAST SALE,August-18-2025,Townhouse,10015 NE 129th Pl,Kirkland,WA,98034,649000,2,2.5,North Juanita,1160,1200,1984,,559,125,Sold,,,https://www.redfin.com/WA/Kirkland/10015-NE-129th-Pl-98034/home/456791,NWMLS as Distributed by MLS Grid,2393983,N,Y,47.7159782,-122.20703
PAST SALE,May-9-2025,Condo/Co-op,23932 NE 115th Ln #204,Redmond,WA,98053,590000,3,2.0,Redmond,1215,,2006,,486,674,Sold,,,https://www.redfin.com/WA/Redmond/23932-NE-115th-Ln-98053/unit-204/home/12093696,NWMLS as Distributed by MLS Grid,2327149,N,Y,47.7013383,-122.0199438
PAST SALE,June-26-2025,Condo/Co-op,10110 NE 60th St #103,Kirkland,WA,98033,592000,2,1.0,Houghton,818,,1976,,724,480,Sold,,,https://www.redfin.com/WA/Kirkland/10110-NE-60th-St-98033/unit-103/home/12093484,NWMLS as Distributed by MLS Grid,2342658,N,Y,47.6613703,-122.2057702
PAST SALE,April-25-2025,Condo/Co-op,501 Kirkland Ave #305,Kirkland,WA,98033,850000,2,2.0,Moss Bay,1262,,1991,,674,685,Sold,,,https://www.redfin.com/WA/Kirkland/501-Kirkland-Ave-98033/unit-305/home/17636,NWMLS as Distributed by MLS Grid,2294403,N,Y,47.6747229,-122.1983274
PAST SALE,September-29-2025,Condo/Co-op,1188 106th Ave NE #322,Bellevue,WA,98004,715000,2,2.0,Bellevue,1072,,2002,,667,1155,Sold,,,https://www.redfin.com/WA/Bellevue/1188-106th-Ave-NE-98004/unit-322/home/2091759,NWMLS as Distributed by MLS Grid,2278405,N,Y,47.6207523,-122.1987185
PAST SALE,August-21-2025,Single Family Residential,14841 SE 54th St,Bellevue,WA,98006,1300000,3,2.0,Hilltop,1960,43800,1951,,663,2,Sold,,,https://www.redfin.com/WA/Bellevue/14841-SE-54th-St-98006/home/235363,NWMLS as Distributed by MLS Grid,2425936,N,Y,47.5543056,-122.1407722
PAST SALE,August-14-2025,Single Family Residential,16883 SE Newport Way,Bellevue,WA,98006,1560000,2,1.0,Bellevue,910,28800,1954,,1714,,Sold,,,https://www.redfin.com/WA/Bellevue/16883-SE-Newport-Way-98006/home/197309836,NWMLS as Distributed by MLS Grid,2424219,N,Y,47.5700682,-122.1145123
PAST SALE,,Single Family Residential,11029 236th Pl NE,Redmond,WA,98053,782790,4,2.5,,1844,4229,2009,,425,,,,,https://www.redfin.com/WA/Redmond/11029-236th-Pl-NE-98053/home/18659615,,,N,Y,47.6960196,-122.0246778
PAST SALE,August-6-2025,Single Family Residential,648 11th Ave,Kirkland,WA,98033,4300000,6,4.5,East Of Market,4679,10880,2025,,919,,Sold,,,https://www.redfin.com/WA/Kirkland/648-11th-Ave-98033/home/463549,NWMLS as Distributed by MLS Grid,2418433,N,Y,47.6842085,-122.1948567
PAST SALE,May-2-2025,Single Family Residential,6637 156th Ave SE,Bellevue,WA,98006,1990000,4,2.5,Bellevue,2850,9000,1991,,698,,Sold,,,https://www.redfin.com/WA/Bellevue/6637-156th-Ave-SE-98006/home/241039,NWMLS as Distributed by MLS Grid,2370013,N,Y,47.5420185,-122.1319044
PAST SALE,June-27-2025,Condo/Co-op,10232 NE 10th St #503,Bellevue,WA,98004,640000,0,1.0,Downtown,460,,2024,,1391,524,Sold,,,https://www.redfin.com/WA/Bellevue/10232-NE-10th-St-98004/unit-503/home/196561212,NWMLS as Distributed by MLS Grid,2411764,N,Y,47.6195293,-122.2032469
PAST SALE,,Condo/Co-op,11107 106th Ave NE Unit B,Kirkland,WA,98033,999950,3,2.5,,1288,,,,776,,,,,https://www.redfin.com/WA/Kirkland/11107-106th-Ave-NE-98033/unit-B/home/188718083,,,N,Y,47.6992825,-122.1995914
PAST SALE,,Single Family Residential,10459 NE 142nd St,Kirkland,WA,98034,770000,3,1.5,,1550,10111,1968,,497,,,,,https://www.redfin.com/WA/Kirkland/10459-NE-142nd-St-98034/home/458868,,,N,Y,47.728785,-122.199478
PAST SALE,April-18-2025,Single Family Residential,12803 SE 44th Pl,Bellevue,WA,98006,3600000,5,3.5,Somerset,4250,7318,2024,,847,,Sold,,,https://www.redfin.com/WA/Bellevue/12803-SE-44th-Pl-98006/home/185899127,NWMLS as Distributed by MLS Grid,2361345,N,Y,47.5658079,-122.169066
PAST SALE,July-16-2025,Townhouse,10828 (HS 81) 120th Ln NE Unit A,Kirkland,WA,98033,1490725,4,3.5,Kirkland,2079,,2025,,717,280,Sold,,,https://www.redfin.com/WA/Kirkland/10828-HS-81-120th-Ln-NE-98033/unit-A/home/194818137,NWMLS as Distributed by MLS Grid,2335237,N,Y,47.696912,-122.182434
PAST SALE,August-28-2025,Single Family Residential,5604 104th Ave NE,Kirkland,WA,98033,4800000,5,4.5,Kirkland,4580,16117,1998,,1048,,Sold,,,https://www.redfin.com/WA/Kirkland/5604-104th-Ave-NE-98033/home/460388,NWMLS as Distributed by MLS Grid,2427103,N,Y,47.6587166,-122.2012017
PAST SALE,April-24-2025,Single Family Residential,549 166th Ave NE,Bellevue,WA,98008,3300000,5,4.5,Lake Hills,4263,8039,2025,,774,,Sold,,,https://www.redfin.com/WA/Bellevue/549-166th-Ave-NE-98008/home/499664,NWMLS as Distributed by MLS Grid,2365508,N,Y,47.615277,-122.1192494
PAST SALE,,Single Family Residential,13010 NE 112th St,Kirkland,WA,98033,1400000,3,1.5,,1530,10125,1961,,915,,,,,https://www.redfin.com/WA/Kirkland/13010-NE-112th-St-98033/home/511622,,,N,Y,47.7012294,-122.1670896
PAST SALE,July-31-2025,Single Family Residential,4066 155th Ave SE,Bellevue,WA,98008,3510000,5,4.5,Eastgate,4225,11834,2025,,831,,Sold,,,https://www.redfin.com/WA/Bellevue/4066-155th-Ave-SE-98006/home/234826,NWMLS as Distributed by MLS Grid,2415700,N,Y,47.5726594,-122.1336821
PAST SALE,July-29-2025,Single Family Residential,15740 NE 1st St,Bellevue,WA,98008,1180000,3,2.0,Lake Hills,1280,8400,1959,,922,,Sold,,,https://www.redfin.com/WA/Bellevue/15740-NE-1st-St-98008/home/500617,NWMLS as Distributed by MLS Grid,2404222,N,Y,47.6117672,-122.1294891
PAST SALE,May-8-2025,Single Family Residential,17303 NE 138th St,Redmond,WA,98052,1430000,3,2.5,English Hill,1940,7248,1982,,737,,Sold,,,https://www.redfin.com/WA/Redmond/17303-NE-138th-St-98052/home/451248,NWMLS as Distributed by MLS Grid,2374640,N,Y,47.7235791,-122.1092773
PAST SALE,September-26-2025,Townhouse,14705 NE 35th St,Bellevue,WA,98007,560000,3,1.5,Bridle Trails,1131,198488,1979,,495,500,Sold,,,https://www.redfin.com/WA/Bellevue/14705-NE-35th-St-98007/home/198413988,NWMLS as Distributed by MLS Grid,2440704,N,Y,47.640974,-122.144412
PAST SALE,September-25-2025,Single Family Residential,6709 150th Ave NE,Redmond,WA,98052,1580000,5,2.5,Microsoft,2350,13253,1967,,672,,Sold,,,https://www.redfin.com/WA/Redmond/6709-150th-Ave-NE-98052/home/517405,NWMLS as Distributed by MLS Grid,2438509,N,Y,47.6657405,-122.1407493
PAST SALE,September-12-2025,Single Family Residential,11435 109th Ave NE,Kirkland,WA,98033,1135000,3,2.0,Juanita,1830,10530,1960,,620,,Sold,,,https://www.redfin.com/WA/Kirkland/11435-109th-Ave-NE-98033/home/461175,NWMLS as Distributed by MLS Grid,2434240,N,Y,47.7031555,-122.1963828
PAST SALE,August-15-2025,Single Family Residential,14227 SE 40th,Bellevue,WA,98006,1195000,4,1.5,East Bellevue,1120,10440,1954,,1067,,Sold,,,https://www.redfin.com/WA/Bellevue/14227-SE-40th-St-98006/home/234287,NWMLS as Distributed by MLS Grid,2424181,N,Y,47.5743959,-122.1501953
PAST SALE,July-15-2025,Single Family Residential,13684 NE 101st St,Kirkland,WA,98033,2820050,4,4.0,North Rose Hill,3059,5350,2025,,922,100,Sold,,,https://www.redfin.com/WA/Kirkland/13684-NE-101st-St-98033/home/191773456,NWMLS as Distributed by MLS Grid,2268110,N,Y,47.690675197,-122.158887
PAST SALE,July-16-2025,Single Family Residential,15930 SE 43rd St,Bellevue,WA,98006,1750000,4,3.0,Bellevue,3130,12463,1978,,559,,Sold,,,https://www.redfin.com/WA/Bellevue/15930-SE-43rd-St-98006/home/239469,NWMLS as Distributed by MLS Grid,2408843,N,Y,47.5689656,-122.127347
PAST SALE,April-28-2025,Condo/Co-op,122 15th Ave Unit B,Kirkland,WA,98033,1550000,2,2.5,East Of Market,1303,,2024,,1190,,Sold,,,https://www.redfin.com/WA/Kirkland/122-15th-Ave-98033/unit-B/home/192682090,NWMLS as Distributed by MLS Grid,2293730,N,Y,47.6874856,-122.2077725
PAST SALE,June-30-2025,Single Family Residential,12416 NE 94th,Kirkland,WA,98034,1050000,3,1.0,Juanita,880,10588,1962,,1193,,Sold,,,https://www.redfin.com/WA/Kirkland/12416-94th-Ave-NE-98034/home/277475,NWMLS as Distributed by MLS Grid,2401539,N,Y,47.7119798,-122.2154656
PAST SALE,August-8-2025,Single Family Residential,10607 NE 110th St,Kirkland,WA,98033,1800000,3,2.5,Forbes Creek,2570,24442,1968,,700,,Sold,,,https://www.redfin.com/WA/Kirkland/10607-NE-110th-St-98033/home/462388,NWMLS as Distributed by MLS Grid,2419155,N,Y,47.6983733,-122.1988583
PAST SALE,September-22-2025,Single Family Residential,17716 NE 12th St,Bellevue,WA,98008,1300000,5,3.0,East Bellevue,2350,9960,1969,,553,,Sold,,,https://www.redfin.com/WA/Bellevue/17716-NE-12th-St-98008/home/503558,NWMLS as Distributed by MLS Grid,2436863,N,Y,47.6201819,-122.1037294
PAST SALE,June-16-2025,Single Family Residential,13004 NE 112th St,Kirkland,WA,98033,1350000,3,1.0,North Rose Hill,1070,10125,1961,,1262,,Sold,,,https://www.redfin.com/WA/Kirkland/13004-NE-112th-St-98033/home/511381,NWMLS as Distributed by MLS Grid,2393954,N,Y,47.7012289,-122.1674542
PAST SALE,May-27-2025,Condo/Co-op,10232 NE 10th St #1208,Bellevue,WA,98004,1160000,1,1.0,Downtown,719,,2024,,1613,855,Sold,,,https://www.redfin.com/WA/Bellevue/10232-NE-10th-St-98004/unit-1208/home/196426964,NWMLS as Distributed by MLS Grid,2408130,N,Y,47.6195293,-122.2032469
PAST SALE,,Single Family Residential,16422 NE 29th St,Bellevue,WA,98008,1415000,4,2.5,,2260,10650,1960,,626,,,,,https://www.redfin.com/WA/Bellevue/16422-NE-29th-St-98008/home/432844,,,N,Y,47.6361745,-122.1207871
PAST SALE,September-26-2025,Single Family Residential,9318 NE 142nd St,Kirkland,WA,98034,1150000,4,3.0,Finn Hill,2170,7904,1978,,530,,Sold,,,https://www.redfin.com/WA/Kirkland/9318-NE-142nd-St-98034/home/279195,NWMLS as Distributed by MLS Grid,2440403,N,Y,47.7288128,-122.2161543
PAST SALE,,Single Family Residential,416 155th Ave SE,Bellevue,WA,98007,1208000,3,1.5,,1210,7700,1961,,998,,,,,https://www.redfin.com/WA/Bellevue/416-155th-Ave-SE-98007/home/425873,,,N,Y,47.6065675,-122.1330564
PAST SALE,May-12-2025,Condo/Co-op,13363 NE 112th (Homesite 14) Pl,Redmond,WA,98052,1146079,2,2.0,Rose Hill,1259,,2024,,910,297,Sold,,,https://www.redfin.com/WA/Redmond/13363-NE-112th-Pl-98052/home/188862870,NWMLS as Distributed by MLS Grid,2179545,N,Y,47.7014782,-122.1619412
PAST SALE,April-29-2025,Townhouse,15924 NE 16th Pl,Bellevue,WA,98008,700000,2,2.0,Crossroads,1396,,1980,,501,640,Sold,,,https://www.redfin.com/WA/Bellevue/15924-NE-16th-Pl-98008/home/195560113,NWMLS as Distributed by MLS Grid,2368481,N,Y,47.6247816,-122.1280108
PAST SALE,August-28-2025,Single Family Residential,18310 NE 19th Pl,Bellevue,WA,98008,1805000,3,2.5,Tam O'shanter,2090,9964,1966,,864,430,Sold,,,https://www.redfin.com/WA/Bellevue/18310-NE-19th-Pl-98008/home/505336,NWMLS as Distributed by MLS Grid,2427307,N,Y,47.6274243,-122.094438
PAST SALE,,Single Family Residential,17003 NE 95th St,Redmond,WA,98052,820000,3,1.0,,1250,12900,1969,,656,,,,,https://www.redfin.com/WA/Redmond/17003-NE-95th-St-98052/home/325392,,,N,Y,47.6850785,-122.1133777
PAST SALE,,Single Family Residential,12516 SE 15th St,Bellevue,WA,98005,1680000,4,2.0,,2960,10160,1960,,568,,,,,https://www.redfin.com/WA/Bellevue/12516-SE-15th-St-98005/home/506970,,,N,Y,47.598223,-122.1729778
PAST SALE,,Single Family Residential,9307 129th Ave NE,Kirkland,WA,98033,3700000,3,1.0,,1160,10080,1965,,3190,,,,,https://www.redfin.com/WA/Kirkland/9307-129th-Ave-NE-98033/home/511264,,,N,Y,47.6847599,-122.1684627
PAST SALE,June-2-2025,Single Family Residential,138 159th Pl NE,Bellevue,WA,98008,1170000,3,2.5,Lake Hills,1930,7600,1962,,606,,Sold,,,https://www.redfin.com/WA/Bellevue/138-159th-Pl-SE-98008/home/426684,NWMLS as Distributed by MLS Grid,2386649,N,Y,47.607864,-122.1274133
PAST SALE,,Condo/Co-op,3 146th Ave SE Unit 8A,Bellevue,WA,98007,549000,2,1.5,,975,,1979,,563,,,,,https://www.redfin.com/WA/Bellevue/3-146th-Ave-SE-98007/unit-8A/home/41321,,,N,Y,47.6089389,-122.1453129
PAST SALE,June-4-2025,Townhouse,14824 NE 143rd St,Woodinville,WA,98072,1850000,3,2.5,Hollywood Hill,1938,1,2025,,955,347,Sold,,,https://www.redfin.com/WA/Woodinville/14824-NE-143rd-ST-98072/home/195783857,NWMLS as Distributed by MLS Grid,2374603,N,Y,47.729456,-122.140422
PAST SALE,June-30-2025,Single Family Residential,12834 NE 70th Pl,Kirkland,WA,98033,885000,3,1.0,Rose Hill,980,7200,1955,,903,,Sold,,,https://www.redfin.com/WA/Kirkland/12834-NE-70th-Pl-98033/home/515981,NWMLS as Distributed by MLS Grid,2401589,N,Y,47.6678492,-122.1677674
PAST SALE,,Single Family Residential,12334 SE 23rd Pl,Bellevue,WA,98005,1423000,3,3.0,,2360,10800,1953,,603,,,,,https://www.redfin.com/WA/Bellevue/12334-SE-23rd-Pl-98005/home/507736,,,N,Y,47.589966,-122.171865
PAST SALE,April-18-2025,Single Family Residential,16908 NE 32nd St,Bellevue,WA,98008,1700000,4,2.5,Bellevue,2320,6934,1969,,733,,Sold,,,https://www.redfin.com/WA/Bellevue/16908-NE-32nd-St-98008/home/432568,NWMLS as Distributed by MLS Grid,2353685,N,Y,47.6394019,-122.1148489
PAST SALE,September-18-2025,Single Family Residential,10624 Woodhaven Ln,Bellevue,WA,98004,1800000,4,1.0,Enatai,2080,9824,1954,,865,,Sold,,,https://www.redfin.com/WA/Bellevue/10624-Woodhaven-Ln-98004/home/510606,NWMLS as Distributed by MLS Grid,2435783,N,Y,47.5878728,-122.1993088
PAST SALE,April-30-2025,Single Family Residential,12220 NE 65th St,Kirkland,WA,98033,1450000,3,2.0,Bridle Trails,1270,11200,1956,,1142,,Sold,,,https://www.redfin.com/WA/Kirkland/12220-NE-65th-St-98033/home/515223,NWMLS as Distributed by MLS Grid,2375530,N,Y,47.6642129,-122.1765173
PAST SALE,,Single Family Residential,12229 80th Ave NE,Kirkland,WA,98034,1495000,3,2.5,,2280,14797,1991,,656,,,,,https://www.redfin.com/WA/Kirkland/12229-80th-Ave-NE-98034/home/281437,,,N,Y,47.7104673,-122.2358179
PAST SALE,July-31-2025,Single Family Residential,2145 104th Pl SE,Bellevue,WA,98004,5998990,5,5.5,Enatai,5947,16236,2025,,1009,,Sold,,,https://www.redfin.com/WA/Bellevue/2145-104th-Pl-SE-98004/home/253491,NWMLS as Distributed by MLS Grid,2333822,N,Y,47.5910127,-122.2032111
PAST SALE,May-1-2025,Single Family Residential,10024 SE 8th St,Bellevue,WA,98004,1625000,3,1.5,Bellevue,1750,8462,1954,,929,,Sold,,,https://www.redfin.com/WA/Bellevue/10024-SE-8th-St-98004/home/253790,NWMLS as Distributed by MLS Grid,2370029,N,Y,47.6029998,-122.2055203
PAST SALE,June-26-2025,Single Family Residential,9112 125th Ave NE,Kirkland,WA,98033,2515000,5,3.5,North Rose Hill,3295,8100,2025,,763,,Sold,,,https://www.redfin.com/WA/Kirkland/9112-125th-Ave-NE-98033/home/192097564,NWMLS as Distributed by MLS Grid,2408439,N,Y,47.683832,-122.1743269
PAST SALE,June-13-2025,Single Family Residential,514 8th Ave,Kirkland,WA,98033,4200000,7,6.0,East Of Market,5059,7200,2016,,830,,Sold,,,https://www.redfin.com/WA/Kirkland/514-8th-Ave-98033/home/462952,NWMLS as Distributed by MLS Grid,2374620,N,Y,47.6815424,-122.1987197
PAST SALE,July-9-2025,Single Family Residential,16636 SE 26th Pl,Bellevue,WA,98008,1212500,3,1.5,Spiritridge,1330,8491,1963,,912,,Sold,,,https://www.redfin.com/WA/Bellevue/16636-SE-26th-Pl-98008/home/428605,NWMLS as Distributed by MLS Grid,2411648,N,Y,47.5866244,-122.1176748
PAST SALE,April-15-2025,Single Family Residential,131 5th Ave W,Kirkland,WA,98033,5000000,6,5.5,West Of Market,4380,6630,2023,,1142,,Sold,,,https://www.redfin.com/WA/Kirkland/131-5th-Ave-W-98033/home/463188,NWMLS as Distributed by MLS Grid,2360350,N,Y,47.67974,-122.2108838
PAST SALE,September-30-2025,Townhouse,118 A 2nd St S,Kirkland,WA,98033,1399900,3,3.0,Downtown,1760,484,2025,,795,468,Sold,,,https://www.redfin.com/WA/Kirkland/118-2nd-St-S-98033/unit-A/home/198118549,NWMLS as Distributed by MLS Grid,2427647,N,Y,47.6744365,-122.2039342
PAST SALE,May-1-2025,Single Family Residential,2821 177th Ave NE,Redmond,WA,98052,1075000,5,3.0,Redmond,2420,9750,1967,,444,,Sold,,,https://www.redfin.com/WA/Redmond/2821-177th-Ave-NE-98052/home/502360,NWMLS as Distributed by MLS Grid,2371333,N,Y,47.6356132,-122.1040149
PAST SALE,May-29-2025,Single Family Residential,12520 NE 80th St,Kirkland,WA,98033,1000000,2,2.0,Rose Hill,1210,6000,1950,,826,,Sold,,,https://www.redfin.com/WA/Kirkland/12520-NE-80th-St-98033/home/516213,NWMLS as Distributed by MLS Grid,2386384,N,Y,47.6755339,-122.1738249
PAST SALE,June-18-2025,Single Family Residential,2803 171st Ave SE,Bellevue,WA,98008,1100000,3,2.0,Vasa Park,1470,11850,1961,,748,,Sold,,,https://www.redfin.com/WA/Bellevue/2803-171st-Ave-SE-98008/home/428182,NWMLS as Distributed by MLS Grid,2394927,N,Y,47.5844496,-122.113076
PAST SALE,July-2-2025,Townhouse,10570 12th St #104,Bellevue,WA,98004,1700000,2,2.5,Downtown,2300,2119,2007,,739,675,Sold,,,https://www.redfin.com/WA/Bellevue/10570-NE-12th-St-98004/unit-104/home/12305158,NWMLS as Distributed by MLS Grid,2345619,N,Y,47.6212955,-122.2000161
PAST SALE,August-29-2025,Single Family Residential,16019 SE 9th St,Bellevue,WA,98008,1285000,3,2.0,Lake Hills,1450,7000,1958,,886,,Sold,,,https://www.redfin.com/WA/Bellevue/16019-SE-9th-St-98008/home/427712,NWMLS as Distributed by MLS Grid,2428380,N,Y,47.6021364,-122.1257631
PAST SALE,July-30-2025,Condo/Co-op,188 Bellevue Way NE #1802,Bellevue,WA,98004,1928000,2,2.0,Downtown,1353,,2020,,1425,1497,Sold,,,https://www.redfin.com/WA/Bellevue/188-Bellevue-Way-NE-98004/unit-1802/home/172711421,NWMLS as Distributed by MLS Grid,2415332,N,Y,47.6117089,-122.2012846
PAST SALE,April-24-2025,Condo/Co-op,10700 NE 4th St #1814,Bellevue,WA,98004,1600000,2,2.0,Downtown,1503,,2008,,1065,1300,Sold,,,https://www.redfin.com/WA/Bellevue/10700-NE-4th-St-98004/unit-1814/home/21882543,NWMLS as Distributed by MLS Grid,2366089,N,Y,47.6141787,-122.1977109
PAST SALE,May-15-2025,Mobile/Manufactured Home,18425 NE 95th St #29,Redmond,WA,98052,385000,2,2.0,Redmond,1680,,2004,,229,,Sold,,,https://www.redfin.com/WA/Redmond/18425-NE-95th-St-98052/unit-29/home/39596193,NWMLS as Distributed by MLS Grid,2377186,N,Y,47.683369,-122.0932488
PAST SALE,August-20-2025,Condo/Co-op,188 Bellevue Way NE #1706,Bellevue,WA,98004,1910000,2,2.0,Downtown,1318,,2020,,1449,1538,Sold,,,https://www.redfin.com/WA/Bellevue/188-Bellevue-Way-NE-98004/unit-1706/home/172711418,NWMLS as Distributed by MLS Grid,2426104,N,Y,47.6117089,-122.2012846
PAST SALE,,Condo/Co-op,11634 100th Ave NE Unit B323,Kirkland,WA,98034,560000,2,2.0,,1135,,1978,,493,,,,,https://www.redfin.com/WA/Kirkland/11634-100th-Ave-NE-98034/unit-B323/home/48325,,,N,Y,47.7050739,-122.2069668
PAST SALE,,Single Family Residential,6252 167th Ave SE,Bellevue,WA,98006,2300000,4,2.5,,3250,8554,2000,,708,,,,,https://www.redfin.com/WA/Bellevue/6252-167th-Ave-SE-98006/home/419575,,,N,Y,47.5462579,-122.1173678
PAST SALE,September-4-2025,Single Family Residential,8327 133rd Ave NE,Redmond,WA,98052,4200000,5,4.5,Rose Hill,4690,14250,2025,,896,,Sold,,,https://www.redfin.com/WA/Redmond/8327-133rd-Ave-NE-98052/home/516713,NWMLS as Distributed by MLS Grid,2338810,N,Y,47.6780242,-122.1629034
PAST SALE,,Single Family Residential,1650 168th Ave NE,Bellevue,WA,98008,1310500,3,2.0,,1300,7280,1960,,1008,,,,,https://www.redfin.com/WA/Bellevue/1650-168th-Ave-NE-98008/home/431722,,,N,Y,47.6256218,-122.1165097
PAST SALE,,Single Family Residential,5043 119th Ave SE,Bellevue,WA,98006,1390000,4,2.5,,2300,16642,1959,,604,,,,,https://www.redfin.com/WA/Bellevue/5043-119th-Ave-SE-98006/home/417370,,,N,Y,47.5580695,-122.1807127
PAST SALE,,Single Family Residential,550 166th Ave NE,Bellevue,WA,98008,1289000,4,2.5,,1990,8698,1959,,648,,,,,https://www.redfin.com/WA/Bellevue/550-166th-Ave-NE-98008/home/499849,,,N,Y,47.6152797,-122.1185967
PAST SALE,September-30-2025,Single Family Residential,3226 99th Ave NE,Bellevue,WA,98004,3300000,6,3.0,Clyde Hill,4470,19265,1961,,738,,Sold,,,https://www.redfin.com/WA/Bellevue/3226-99th-Ave-NE-98004/home/252080,NWMLS as Distributed by MLS Grid,2440043,N,Y,47.6400172,-122.2073667
PAST SALE,July-18-2025,Single Family Residential,13714 NE 101st St,Kirkland,WA,98033,2500000,4,3.0,North Rose Hill,2748,5344,2025,,910,100,Sold,,,https://www.redfin.com/WA/Kirkland/13714-NE-101st-St-98033/home/191891612,NWMLS as Distributed by MLS Grid,2272652,N,Y,47.690604139,-122.1587628
PAST SALE,,Single Family Residential,15327 SE 22nd St,Bellevue,WA,98007,1200000,3,1.5,,1440,10030,1956,,833,,,,,https://www.redfin.com/WA/Bellevue/15327-SE-22nd-St-98007/home/426082,,,N,Y,47.5905794,-122.1354823
PAST SALE,May-13-2025,Condo/Co-op,10232 NE 10th St #1607,Bellevue,WA,98004,2511479,3,2.0,Downtown,1544,,2024,,1627,1605,Sold,,,https://www.redfin.com/WA/Bellevue/10232-NE-10th-St-98004/unit-1607/home/190638895,NWMLS as Distributed by MLS Grid,2230722,N,Y,47.6195335,-122.2032468
PAST SALE,August-12-2025,Single Family Residential,10231 NE 110th St,Kirkland,WA,98033,1885000,2,1.0,Forbes Creek,1900,17569,1955,,992,,Sold,,,https://www.redfin.com/WA/Kirkland/10231-NE-110th-St-98033/home/462854,NWMLS as Distributed by MLS Grid,2420747,N,Y,47.6983773,-122.2042772
PAST SALE,May-23-2025,Single Family Residential,8430 167th Ave NE,Redmond,WA,98052,570742,3,1.5,Downtown Redmond,1190,785,2014,,480,20,Sold,,,https://www.redfin.com/WA/Redmond/8430-167th-Ave-NE-98052/home/55550722,NWMLS as Distributed by MLS Grid,2381177,N,Y,47.6780774,-122.1175103
PAST SALE,April-29-2025,Single Family Residential,1510 7th St,Kirkland,WA,98033,1725000,3,2.5,Kirkland,2100,10200,1983,,821,,Sold,,,https://www.redfin.com/WA/Kirkland/1510-7th-St-98033/home/462134,NWMLS as Distributed by MLS Grid,2369823,N,Y,47.6879852,-122.1960423
PAST SALE,April-14-2025,Vacant Land,13818 SE 10th St,Bellevue,WA,98005,5025000,,,Bellevue,,131442,,,,,Sold,,,https://www.redfin.com/WA/Bellevue/13818-SE-10th-St-98005/home/509014,NWMLS as Distributed by MLS Grid,2360737,N,Y,47.6017695,-122.1554104
PAST SALE,April-29-2025,Single Family Residential,372 west Lake Sammamish Pkwy NE,Bellevue,WA,98008,3980000,2,1.0,Lake Sammamish,1830,33073,1948,,2175,,Sold,,,https://www.redfin.com/WA/Bellevue/372-W-Lake-Sammamish-Pkwy-NE-98008/home/327116,NWMLS as Distributed by MLS Grid,2368195,N,Y,47.6125443,-122.1064246
PAST SALE,June-16-2025,Single Family Residential,13257 Holmes Point Dr NE,Kirkland,WA,98034,1100000,4,2.0,Holmes Point,2200,8050,1955,,500,,Sold,,,https://www.redfin.com/WA/Kirkland/13257-Holmes-Point-Dr-NE-98034/home/282047,NWMLS as Distributed by MLS Grid,2393393,N,Y,47.7207169,-122.2585996
PAST SALE,August-15-2025,Townhouse,14441 124th Ave NE #5,Kirkland,WA,98034,594000,3,2.0,Kingsgate,1352,,1979,,439,581,Sold,,,https://www.redfin.com/WA/Kirkland/14441-124th-Ave-NE-98034/unit-5/home/5126,NWMLS as Distributed by MLS Grid,2423585,N,Y,47.7321879,-122.1763831
PAST SALE,April-14-2025,Single Family Residential,7236 NE 121st Pl,Kirkland,WA,98034,1500000,4,2.5,Finn Hill,3040,12300,1964,,493,,Sold,,,https://www.redfin.com/WA/Kirkland/7236-NE-121st-Pl-98034/home/282072,NWMLS as Distributed by MLS Grid,2360042,N,Y,47.7096174,-122.2441652
PAST SALE,July-3-2025,Single Family Residential,6536 192nd Pl NE,Redmond,WA,98052,2115000,3,2.5,Redmond,2760,4635,2005,,766,63,Sold,,,https://www.redfin.com/WA/Redmond/6536-192nd-Pl-NE-98052/home/2079837,NWMLS as Distributed by MLS Grid,2385836,N,Y,47.6648675,-122.0828644
PAST SALE,September-18-2025,Condo/Co-op,12514 NE 142nd Ln Unit D-104,Kirkland,WA,98034,220000,1,1.0,Kingsgate,790,,1980,,278,498,Sold,,,https://www.redfin.com/WA/Kirkland/12514-NE-142nd-Ln-98034/unit-D104/home/23793,NWMLS as Distributed by MLS Grid,2436988,N,Y,47.7293043,-122.1720611
PAST SALE,August-28-2025,Single Family Residential,14062 120th Ave NE,Kirkland,WA,98034,1200000,3,2.5,Kingsgate,1610,7944,1968,,745,81,Sold,,,https://www.redfin.com/WA/Kirkland/14062-120th-Ave-NE-98034/home/454102,NWMLS as Distributed by MLS Grid,2427003,N,Y,47.7272552,-122.1804434
PAST SALE,May-28-2025,Condo/Co-op,211 Kirkland Ave #412,Kirkland,WA,98033,630000,1,1.0,Kirkland,749,,2006,,841,515,Sold,,,https://www.redfin.com/WA/Kirkland/211-Kirkland-Ave-98033/unit-412/home/11907539,NWMLS as Distributed by MLS Grid,2382913,N,Y,47.675159,-122.20396
PAST SALE,August-8-2025,Condo/Co-op,12715 NE 120th St Unit C10,Kirkland,WA,98034,355000,2,1.0,Totem Lake,714,,1982,,497,321,Sold,,,https://www.redfin.com/WA/Kirkland/12715-NE-120th-St-98034/unit-C10/home/197030215,NWMLS as Distributed by MLS Grid,2420878,N,Y,47.7075434,-122.1709251
PAST SALE,July-2-2025,Single Family Residential,14317 SE 38th St,Bellevue,WA,98006,3725139,5,4.5,Eastgate,4631,10194,2025,,804,,Sold,,,https://www.redfin.com/WA/Bellevue/14317-SE-38th-St-98006/home/234197,NWMLS as Distributed by MLS Grid,2402682,N,Y,47.5765693,-122.1484307
PAST SALE,June-20-2025,Condo/Co-op,4175 W Lake Sammamish Pkwy SE Unit A306,Bellevue,WA,98008,470000,2,1.5,Bellevue,895,,1981,,525,571,Sold,,,https://www.redfin.com/WA/Bellevue/4175-W-Lake-Sammamish-Pkwy-SE-98008/unit-A306/home/1863,NWMLS as Distributed by MLS Grid,2398082,N,Y,47.5702519,-122.102283
PAST SALE,July-14-2025,Condo/Co-op,238 4th Ave #301,Kirkland,WA,98033,3000000,3,2.5,Downtown,2384,,2025,,1258,1220,Sold,,,https://www.redfin.com/WA/Kirkland/238-4th-Ave-98033/unit-301/home/194990189,NWMLS as Distributed by MLS Grid,2342701,N,Y,47.6783645,-122.2047094
PAST SALE,August-8-2025,Single Family Residential,442 164th Ave SE,Bellevue,WA,98008,825000,3,1.5,Lake Hills,1150,8960,1957,,717,,Sold,,,https://www.redfin.com/WA/Bellevue/442-164th-Ave-SE-98008/home/429564,NWMLS as Distributed by MLS Grid,2424761,N,Y,47.6043137,-122.1210705
PAST SALE,May-15-2025,Condo/Co-op,16141 Cleveland St #318,Redmond,WA,98052,635000,1,1.0,Downtown Redmond,795,,2006,,799,567,Sold,,,https://www.redfin.com/WA/Redmond/16141-Cleveland-St-98052/unit-318/home/22053335,NWMLS as Distributed by MLS Grid,2377503,N,Y,47.673751,-122.1255083
PAST SALE,April-25-2025,Single Family Residential,10812 NE 12th Pl,Bellevue,WA,98004,4900000,5,4.5,West Bellevue,4750,11250,2025,,1032,,Sold,,,https://www.redfin.com/WA/Bellevue/10812-NE-12th-Pl-98004/home/506395,NWMLS as Distributed by MLS Grid,2372810,N,Y,47.6216225,-122.1954715
PAST SALE,May-6-2025,Townhouse,12314 137th Pl NE #1902,Redmond,WA,98052,1363900,4,3.5,Redmond,2188,,2025,,623,,Sold,,,https://www.redfin.com/WA/Redmond/12314-137th-PL-NE-98052/unit-1902/home/195277251,NWMLS as Distributed by MLS Grid,2356087,N,Y,47.710518,-122.158158
PAST SALE,May-27-2025,Condo/Co-op,838 Avenue Sq NE #2305,Bellevue,WA,98004,2850000,2,2.0,Downtown,1472,,2024,,1936,1621,Sold,,,https://www.redfin.com/WA/Bellevue/838-Avenue-Sq-NE-98004/unit-2305/home/195428996,NWMLS as Distributed by MLS Grid,2360984,N,Y,47.617775,-122.2029404
PAST SALE,May-29-2025,Single Family Residential,17167 NE 117th St,Redmond,WA,98052,2000000,5,3.0,Redmond,2810,4839,2015,,712,120,Sold,,,https://www.redfin.com/WA/Redmond/17167-NE-117th-St-98052/home/50269326,NWMLS as Distributed by MLS Grid,2386075,N,Y,47.7047977,-122.1113882
PAST SALE,,Single Family Residential,1008 167th Pl NE,Bellevue,WA,98008,2990000,3,1.0,,1270,7878,1959,,2354,,,,,https://www.redfin.com/WA/Bellevue/1008-167th-Pl-NE-98008/home/499670,,,N,Y,47.6190459,-122.1166603
PAST SALE,June-11-2025,Single Family Residential,15423 SE 7th Pl,Bellevue,WA,98007,1250000,3,2.0,Lake Hills,1490,11417,1960,,839,,Sold,,,https://www.redfin.com/WA/Bellevue/15423-SE-7th-Pl-98007/home/427864,NWMLS as Distributed by MLS Grid,2348767,N,Y,47.6034148,-122.1346367
PAST SALE,June-4-2025,Single Family Residential,18518 NE 20th Pl,Redmond,WA,98052,2115000,3,2.0,Tam O'shanter,1828,10387,1968,,1157,449,Sold,,,https://www.redfin.com/WA/Redmond/18518-NE-20th-Pl-98052/home/503510,NWMLS as Distributed by MLS Grid,2438818,N,Y,47.6284314,-122.0932624
PAST SALE,April-15-2025,Townhouse,330 3rd Ave S Unit A,Kirkland,WA,98033,2465000,4,3.5,Moss Bay,2840,7006,2022,,868,75,Sold,,,https://www.redfin.com/WA/Kirkland/330-3rd-Ave-S-98033/unit-A/home/192460877,NWMLS as Distributed by MLS Grid,2360528,N,Y,47.6734584,-122.2012265
PAST SALE,April-11-2025,Condo/Co-op,13357 NE 112th (Homesite 15) Pl,Redmond,WA,98052,1186122,3,3.0,Rose Hill,1488,,2025,,797,297,Sold,,,https://www.redfin.com/WA/Redmond/13357-NE-112th-Pl-98052/home/188148805,NWMLS as Distributed by MLS Grid,2170067,N,Y,47.7014715,-122.162019
PAST SALE,May-9-2025,Single Family Residential,2798 102nd Pl NE,Bellevue,WA,98004,3070000,5,3.5,West Bellevue,3430,4916,2010,,895,1,Sold,,,https://www.redfin.com/WA/Bellevue/2798-102nd-Pl-NE-98004/home/22459364,NWMLS as Distributed by MLS Grid,2375312,N,Y,47.6350081,-122.2035809
PAST SALE,July-18-2025,Condo/Co-op,10016 NE 120th Ln Unit F103,Kirkland,WA,98034,520000,2,1.0,Juanita,1014,334976,1986,,513,508,Sold,,,https://www.redfin.com/WA/Kirkland/10016-NE-120th-Ln-98034/unit-F103/home/17067031,NWMLS as Distributed by MLS Grid,2403607,N,Y,47.7093502,-122.2064966
PAST SALE,April-30-2025,Single Family Residential,551 19th Pl,Kirkland,WA,98033,1175000,4,1.0,East Of Market,2310,6600,1977,,509,,Sold,,,https://www.redfin.com/WA/Kirkland/551-19th-Pl-98033/home/463643,NWMLS as Distributed by MLS Grid,2374617,N,Y,47.6925946,-122.1978101
PAST SALE,June-20-2025,Single Family Residential,251 5th Ave W,Kirkland,WA,98033,4999998,4,3.5,West Of Market,4550,5480,2002,,1099,,Sold,,,https://www.redfin.com/WA/Kirkland/251-5th-Ave-W-98033/home/461173,NWMLS as Distributed by MLS Grid,2396915,N,Y,47.6811516,-122.2130082
PAST SALE,August-15-2025,Single Family Residential,5024 114th Ave NE,Kirkland,WA,98033,1100000,2,2.0,Kirkland,1040,10500,1960,,1058,,Sold,,,https://www.redfin.com/WA/Kirkland/5024-114th-Ave-NE-98033/home/459979,NWMLS as Distributed by MLS Grid,2424924,N,Y,47.655054,-122.1879819
PAST SALE,June-27-2025,Single Family Residential,7921 131st Ave NE,Kirkland,WA,98033,3475000,5,4.5,Rose Hill,3938,10197,2025,,882,,Sold,,,https://www.redfin.com/WA/Kirkland/7921-131st-Ave-NE-98033/home/517541,NWMLS as Distributed by MLS Grid,2401160,N,Y,47.6749396,-122.1655699
PAST SALE,April-10-2025,Single Family Residential,12819 NE 84th St,Kirkland,WA,98033,3400000,5,4.5,Rose Hill,4095,9520,2025,,830,,Sold,,,https://www.redfin.com/WA/Kirkland/12819-NE-84th-St-98033/home/514908,NWMLS as Distributed by MLS Grid,2329423,N,Y,47.6783097,-122.1685467
PAST SALE,June-5-2025,Single Family Residential,409 161st Pl SE,Bellevue,WA,98008,3065000,4,4.5,Lake Hills,4043,8481,2025,,758,,Sold,,,https://www.redfin.com/WA/Bellevue/409-161st-Pl-SE-98008/home/427841,NWMLS as Distributed by MLS Grid,2401814,N,Y,47.6057997,-122.1243982
PAST SALE,April-22-2025,Condo/Co-op,10015 NE 4th St #3005,Bellevue,WA,98004,1300000,2,2.5,Downtown,1622,15099,1999,,801,1418,Sold,,,https://www.redfin.com/WA/Bellevue/10015-NE-4th-St-98004/unit-3005/home/35160,NWMLS as Distributed by MLS Grid,2369733,N,Y,47.6136014,-122.206244
PAST SALE,May-23-2025,Single Family Residential,4257 123rd Ave SE,Bellevue,WA,98006,3600000,5,4.5,Factoria,4377,11164,2025,,822,,Sold,,,https://www.redfin.com/WA/Bellevue/4257-123rd-Ave-SE-98006/home/233593,NWMLS as Distributed by MLS Grid,2407875,N,Y,47.5690415,-122.17584
PAST SALE,September-26-2025,Single Family Residential,129 6th Ave,Kirkland,WA,98033,3595000,4,3.5,East Of Market,3650,4644,1900,,985,,Sold,,,https://www.redfin.com/WA/Kirkland/129-6th-Ave-98033/home/167270569,NWMLS as Distributed by MLS Grid,2438763,N,Y,47.6793929,-122.2069712
PAST SALE,,Condo/Co-op,188 Bellevue Way NE #1204,Bellevue,WA,98004,1382250,1,1.5,,964,,,,1434,,,,,https://www.redfin.com/WA/Bellevue/188-Bellevue-Way-NE-98004/unit-1204/home/172711381,,,N,Y,47.6117089,-122.2012846
PAST SALE,July-17-2025,Townhouse,10820 (HS 72) 120th Ln NE Unit B,Kirkland,WA,98033,1255686,4,3.5,Kirkland,1904,,2025,,659,280,Sold,,,https://www.redfin.com/WA/Kirkland/10820-HS-72-120th-Ln-NE-98033/unit-B/home/194817884,NWMLS as Distributed by MLS Grid,2335223,N,Y,47.696708,-122.182682
PAST SALE,May-12-2025,Townhouse,12314 137th Pl NE #1901,Redmond,WA,98052,1494331,4,3.5,Redmond,2281,,2025,,655,,Sold,,,https://www.redfin.com/WA/Redmond/12314-137th-PL-NE-98052/unit-1901/home/195277848,NWMLS as Distributed by MLS Grid,2356154,N,Y,47.710518,-122.158158
PAST SALE,September-16-2025,Townhouse,12297 137th Pl NE #3002,Redmond,WA,98052,1379900,4,3.5,Redmond,2184,,2025,,632,186,Sold,,,https://www.redfin.com/WA/Redmond/12297-137th-PL-NE-98052/unit-3002/home/195416917,NWMLS as Distributed by MLS Grid,2360223,N,Y,47.710428,-122.158711
PAST SALE,July-1-2025,Townhouse,10820 (HS 74) 120th Ln NE Unit D,Kirkland,WA,98033,1191030,4,3.5,Kirkland,1904,,2025,,626,280,Sold,,,https://www.redfin.com/WA/Kirkland/10820-HS-74-120th-Ln-NE-98033/unit-D/home/194817863,NWMLS as Distributed by MLS Grid,2335216,N,Y,47.696708,-122.182682
PAST SALE,September-9-2025,Single Family Residential,5200 111th Ave NE,Kirkland,WA,98033,1650000,4,2.5,Houghton,2560,11536,1975,,645,,Sold,,,https://www.redfin.com/WA/Kirkland/5200-111th-Ave-NE-98033/home/460582,NWMLS as Distributed by MLS Grid,2431906,N,Y,47.6545249,-122.1924754
PAST SALE,,Single Family Residential,2329 167th Ave NE,Bellevue,WA,98008,1100000,3,2.0,,1450,15049,1965,,759,,,,,https://www.redfin.com/WA/Bellevue/2329-167th-Ave-NE-98008/home/431864,,,N,Y,47.6310884,-122.1185515
PAST SALE,June-30-2025,Single Family Residential,23625 NE Twinberry Way,Redmond,WA,98053,2050000,3,3.5,Trilogy,3360,10646,2007,,610,340,Sold,,,https://www.redfin.com/WA/Redmond/23625-NE-Twinberry-Way-98053/home/12305939,NWMLS as Distributed by MLS Grid,2401402,N,Y,47.7184688,-122.0238102
PAST SALE,April-29-2025,Single Family Residential,14822 113th Ave NE,Kirkland,WA,98034,1010000,3,2.0,North Juanita,1320,7875,1967,,765,,Sold,,,https://www.redfin.com/WA/Kirkland/14822-113th-Ave-NE-98034/home/457913,NWMLS as Distributed by MLS Grid,2349163,N,Y,47.7358641,-122.1908219
PAST SALE,May-30-2025,Single Family Residential,18502 NE 20th Pl,Redmond,WA,98052,3700000,5,4.5,Tam O'shanter,4225,9630,2025,,876,449,Sold,,,https://www.redfin.com/WA/Redmond/18502-NE-20th-Pl-98052/home/505261,NWMLS as Distributed by MLS Grid,2389881,N,Y,47.6276752,-122.0933373
PAST SALE,July-30-2025,Single Family Residential,1211 169th Pl NE,Bellevue,WA,98008,2950000,5,4.5,Microsoft,4355,7500,2025,,677,,Sold,,,https://www.redfin.com/WA/Bellevue/1211-169th-Pl-NE-98008/home/500405,NWMLS as Distributed by MLS Grid,2415686,N,Y,47.6202156,-122.1145335
PAST SALE,,Single Family Residential,15617 SE 10th St,Bellevue,WA,98008,2793178,5,4.5,,4250,9198,2024,,657,,,,,https://www.redfin.com/WA/Bellevue/15617-SE-10th-St-98008/home/425661,,,N,Y,47.6011059,-122.130304
PAST SALE,July-15-2025,Condo/Co-op,11416 NE 128th St #71,Kirkland,WA,98034,530000,2,1.0,Totem Lake,1213,,1978,,437,713,Sold,,,https://www.redfin.com/WA/Kirkland/11416-NE-128th-St-98034/unit-71/home/52395,NWMLS as Distributed by MLS Grid,2410298,N,Y,47.7155761,-122.1888429
PAST SALE,August-13-2025,Single Family Residential,4214 145th Ave SE,Bellevue,WA,98006,1400000,1,1.0,Eastgate,2460,9842,1955,,569,,Sold,,,https://www.redfin.com/WA/Bellevue/4214-145th-Ave-SE-98006/home/234002,NWMLS as Distributed by MLS Grid,2427161,N,Y,47.5712826,-122.1461653
PAST SALE,August-18-2025,Townhouse,118 D 2nd St S,Kirkland,WA,98033,1425000,3,3.0,Downtown,1735,484,2025,,821,430,Sold,,,https://www.redfin.com/WA/Kirkland/118-2nd-Ave-S-98033/home/195340944,NWMLS as Distributed by MLS Grid,2368273,N,Y,47.674274464,-122.2039872
PAST SALE,April-11-2025,Condo/Co-op,338 6th Ave,Kirkland,WA,98033,2650000,3,3.5,Kirkland,3183,3430,2025,,833,3,Sold,,,https://www.redfin.com/WA/Kirkland/338-6th-Ave-98033/home/195030600,NWMLS as Distributed by MLS Grid,2344935,N,Y,47.6798949,-122.2022013
PAST SALE,June-30-2025,Condo/Co-op,14605 NE 34th St Unit H-2,Bellevue,WA,98007,405500,3,2.0,Microsoft,1062,,1976,,382,891,Sold,,,https://www.redfin.com/WA/Bellevue/14605-NE-34th-St-98007/unit-H2/home/19738,NWMLS as Distributed by MLS Grid,2402161,N,Y,47.6395872,-122.1453876
PAST SALE,June-24-2025,Single Family Residential,12911 NE 31st St,Bellevue,WA,98005,1425000,3,2.0,Cherry Crest,1640,17058,1966,,869,,Sold,,,https://www.redfin.com/WA/Bellevue/12911-NE-31st-St-98005/home/508519,NWMLS as Distributed by MLS Grid,2387601,N,Y,47.6374413,-122.168628
PAST SALE,June-18-2025,Condo/Co-op,889 Avenue Sq NE #303,Bellevue,WA,98004,855000,1,1.0,Downtown,745,,2023,,1148,962,Sold,,,https://www.redfin.com/WA/Bellevue/889-Avenue-Sq-NE-98004/unit-303/home/195988026,NWMLS as Distributed by MLS Grid,2387585,N,Y,47.6184633,-122.2031957
PAST SALE,,Single Family Residential,9109 NE 141st Pl,Kirkland,WA,98034,925000,3,2.0,,1480,7150,1975,,625,,,,,https://www.redfin.com/WA/Kirkland/9109-NE-141st-Pl-98034/home/277570,,,N,Y,47.7278826,-122.2197677
PAST SALE,September-16-2025,Townhouse,112 A 2nd St S,Kirkland,WA,98033,1390000,3,3.0,Downtown,1690,485,2025,,822,448,Sold,,,https://www.redfin.com/WA/Kirkland/112-2nd-St-S-98033/home/197182020,NWMLS as Distributed by MLS Grid,2422341,N,Y,47.6743798,-122.2039867
PAST SALE,September-9-2025,Single Family Residential,8039 134th Ave NE,Redmond,WA,98052,1370000,3,2.0,Redmond,1590,9652,1963,,862,,Sold,,,https://www.redfin.com/WA/Redmond/8039-134th-Ave-NE-98052/home/515458,NWMLS as Distributed by MLS Grid,2437864,N,Y,47.6766059,-122.1615892
PAST SALE,September-16-2025,Townhouse,12705 NE 144th St Unit B,Kirkland,WA,98034,481450,4,2.0,Kingsgate,1600,,2025,,301,276,Sold,,,https://www.redfin.com/WA/Kirkland/12705-NE-144th-St-98034/unit-B/home/198036663,NWMLS as Distributed by MLS Grid,2434697,N,Y,47.7308707,-122.1711247
PAST SALE,September-23-2025,Condo/Co-op,13255 NE 143rd Ct #10,Woodinville,WA,98072,1134995,4,3.5,Woodinville,1921,1,2025,,591,430,Sold,,,https://www.redfin.com/WA/Woodinville/13255-NE-143rd-Ct-98072/unit-10/home/197345031,NWMLS as Distributed by MLS Grid,2424624,N,Y,47.7300842,-122.1624651
PAST SALE,June-30-2025,Single Family Residential,3151 112th Ave SE,Bellevue,WA,98004,2300000,3,2.0,Bellevue,3260,10818,1993,,706,,Sold,,,https://www.redfin.com/WA/Bellevue/3151-112th-Ave-SE-98004/home/510844,NWMLS as Distributed by MLS Grid,2402869,N,Y,47.5819569,-122.1915269
PAST SALE,May-30-2025,Single Family Residential,12204 NE 67th St,Kirkland,WA,98033,1350000,3,1.0,Rose Hill,1060,10790,1955,,1274,,Sold,,,https://www.redfin.com/WA/Kirkland/12204-NE-67th-St-98033/home/516869,NWMLS as Distributed by MLS Grid,2395741,N,Y,47.6660279,-122.1771406
PAST SALE,April-18-2025,Condo/Co-op,11010 NE 68th St #602,Kirkland,WA,98033,220000,1,1.0,Kirkland,720,,1968,,306,,Sold,,,https://www.redfin.com/WA/Kirkland/11010-NE-68th-St-98033/unit-602/home/55580,NWMLS as Distributed by MLS Grid,2362627,N,Y,47.6676034,-122.1932621
PAST SALE,April-28-2025,Condo/Co-op,13381 NE 112th (Homesite 12) Pl,Redmond,WA,98052,1221995,3,3.0,Rose Hill,1492,,2025,,819,297,Sold,,,https://www.redfin.com/WA/Redmond/13381-NE-112th-Pl-98052/home/188637656,NWMLS as Distributed by MLS Grid,2180183,N,Y,47.7015024,-122.1616835
PAST SALE,August-29-2025,Single Family Residential,15913 Main St,Bellevue,WA,98008,2998000,5,4.5,Lake Hills,4343,8200,2025,,690,,Sold,,,https://www.redfin.com/WA/Bellevue/15913-Main-St-98008/home/427846,NWMLS as Distributed by MLS Grid,2403708,N,Y,47.6095857,-122.127514
PAST SALE,July-1-2025,Single Family Residential,15103 SE 41st Pl,Bellevue,WA,98006,1385000,3,1.0,Eastgate,1070,9920,1954,,1294,,Sold,,,https://www.redfin.com/WA/Bellevue/15103-SE-41st-Pl-98006/home/234895,NWMLS as Distributed by MLS Grid,2410694,N,Y,47.5729219,-122.1398325
PAST SALE,August-15-2025,Single Family Residential,2202 102nd Pl SE,Bellevue,WA,98004,5400000,5,4.5,Enatai,5296,19308,2025,,1020,,Sold,,,https://www.redfin.com/WA/Bellevue/2202-102nd-Pl-SE-98004/home/253440,NWMLS as Distributed by MLS Grid,2422605,N,Y,47.5910616,-122.2044716
PAST SALE,June-10-2025,Single Family Residential,16009 NE 106th St,Redmond,WA,98052,1000000,3,2.0,Education Hill,2010,6750,1980,,498,,Sold,,,https://www.redfin.com/WA/Redmond/16009-NE-106th-St-98052/home/323877,NWMLS as Distributed by MLS Grid,2391231,N,Y,47.6948836,-122.1260075
PAST SALE,July-3-2025,Condo/Co-op,10221 NE 16th St Unit H5,Bellevue,WA,98004,830000,3,2.0,Downtown,1300,,1974,,638,954,Sold,,,https://www.redfin.com/WA/Bellevue/10221-NE-16th-St-98004/unit-H5/home/6379,NWMLS as Distributed by MLS Grid,2404512,N,Y,47.6243766,-122.2035006
PAST SALE,April-30-2025,Single Family Residential,10524 SE 32nd St,Bellevue,WA,98004,1650000,3,2.0,Enatai,2090,10161,1957,,789,,Sold,,,https://www.redfin.com/WA/Bellevue/10524-SE-32nd-St-98004/home/253600,NWMLS as Distributed by MLS Grid,2370358,N,Y,47.5826671,-122.2000629
PAST SALE,August-29-2025,Single Family Residential,2389 Killarney Way,Bellevue,WA,98004,26000000,6,8.5,Enatai,7020,23277,2017,,3704,,Sold,,,https://www.redfin.com/WA/Bellevue/2389-Killarney-Way-98004/home/22427503,NWMLS as Distributed by MLS Grid,2427144,N,Y,47.5897802,-122.2065134
PAST SALE,July-31-2025,Townhouse,13221 NE 127th Ct Unit C,Kirkland,WA,98034,999999,3,3.0,Kirkland,2002,1,2024,,500,225,Sold,,,https://www.redfin.com/WA/Kirkland/13221-NE-127th-Ct-98034/unit-C/home/197730352,NWMLS as Distributed by MLS Grid,2430853,N,Y,47.714008,-122.1625624
PAST SALE,,Single Family Residential,2104 166th Pl NE,Bellevue,WA,98008,1330000,3,1.0,,1250,7210,1966,,1064,,,,,https://www.redfin.com/WA/Bellevue/2104-166th-Pl-NE-98008/home/432804,,,N,Y,47.6287846,-122.1182243
PAST SALE,August-28-2025,Condo/Co-op,13460 (HS 10) NE 112th Pl,Redmond,WA,98052,1271728,2,2.0,Rose Hill,1259,,2025,,1010,297,Sold,,,https://www.redfin.com/WA/Redmond/13460-HS-10-NE-112th-Pl-98052/home/192439724,NWMLS as Distributed by MLS Grid,2288368,N,Y,47.701911,-122.160957
PAST SALE,July-7-2025,Condo/Co-op,13218 NE 143rd Ct #22,Woodinville,WA,98072,1249995,4,3.5,Woodinville,2011,1,2025,,622,430,Sold,,,https://www.redfin.com/WA/Woodinville/13218-NE-143rd-Ct-98072/unit-22/home/196026399,NWMLS as Distributed by MLS Grid,2389834,N,Y,47.7307237,-122.163142
PAST SALE,August-7-2025,Single Family Residential,2640 146th Ave SE,Bellevue,WA,98007,1000000,3,1.0,Lake Hills,1180,8220,1962,,847,,Sold,,,https://www.redfin.com/WA/Bellevue/2640-146th-Ave-SE-98007/home/507160,NWMLS as Distributed by MLS Grid,2419795,N,Y,47.586281,-122.1444917
PAST SALE,April-29-2025,Single Family Residential,4705 119th Ave SE,Bellevue,WA,98006,1035000,4,2.0,Newport Hills,2300,20647,1955,,450,,Sold,,,https://www.redfin.com/WA/Bellevue/4705-119th-Ave-SE-98006/home/413408,NWMLS as Distributed by MLS Grid,2369290,N,Y,47.5624023,-122.1813119
PAST SALE,August-15-2025,Single Family Residential,1255 169th Ave NE,Bellevue,WA,98008,1155000,3,2.0,Lochmoor,1300,7860,1964,,888,,Sold,,,https://www.redfin.com/WA/Bellevue/1255-169th-Ave-NE-98008/home/501871,NWMLS as Distributed by MLS Grid,2422122,N,Y,47.6216185,-122.1151403
PAST SALE,July-23-2025,Single Family Residential,8328 NE 117th St,Kirkland,WA,98034,2100000,5,4.0,Kirkland,2460,20385,1958,,854,,Sold,,,https://www.redfin.com/WA/Kirkland/8328-NE-117th-St-98034/home/280093,NWMLS as Distributed by MLS Grid,2412761,N,Y,47.7056704,-122.2301555
PAST SALE,June-16-2025,Condo/Co-op,838 Avenue Sq NE #1806,Bellevue,WA,98004,2980000,2,3.0,Downtown,1748,,2024,,1705,1937,Sold,,,https://www.redfin.com/WA/Bellevue/838-Avenue-Sq-NE-98004/unit-1806/home/195648044,NWMLS as Distributed by MLS Grid,2372307,N,Y,47.617775,-122.2029404
PAST SALE,June-6-2025,Single Family Residential,3115 122nd Pl NE,Bellevue,WA,98005,2525000,4,2.5,Bridle Trails,3150,50094,1969,,802,,Sold,,,https://www.redfin.com/WA/Bellevue/3115-122nd-Pl-NE-98005/home/430426,NWMLS as Distributed by MLS Grid,2389087,N,Y,47.6386749,-122.1774553
PAST SALE,April-11-2025,Townhouse,14800 NE 143rd St,Woodinville,WA,98072,2025000,3,2.5,Hollywood Hill,2012,1,2025,,1006,347,Sold,,,https://www.redfin.com/WA/Woodinville/14800-NE-143rd-Street-Homesite-29-98072/home/194380572,NWMLS as Distributed by MLS Grid,2324661,N,Y,47.728828,-122.141731
PAST SALE,May-15-2025,Single Family Residential,719 95th Ave NE,Bellevue,WA,98004,2500000,5,2.0,Meydenbauer,1920,8570,1974,,1302,,Sold,,,https://www.redfin.com/WA/Bellevue/719-95th-Ave-NE-98004/home/250947,NWMLS as Distributed by MLS Grid,2377675,N,Y,47.6167112,-122.214149
PAST SALE,August-1-2025,Condo/Co-op,211 Kirkland Ave #526,Kirkland,WA,98033,948000,2,2.0,Kirkland,957,,2006,,991,674,Sold,,,https://www.redfin.com/WA/Kirkland/211-Kirkland-Ave-98033/unit-526/home/2116923,NWMLS as Distributed by MLS Grid,2415856,N,Y,47.675159,-122.20396
PAST SALE,September-2-2025,Single Family Residential,16704 SE 28th St,Bellevue,WA,98008,1520000,3,2.0,Spiritridge,2310,10880,1961,,658,,Sold,,,https://www.redfin.com/WA/Bellevue/16704-SE-28th-St-98008/home/428803,NWMLS as Distributed by MLS Grid,2428027,N,Y,47.5850712,-122.117941
PAST SALE,June-23-2025,Condo/Co-op,13223 NE 143rd Ct #18,Woodinville,WA,98072,1074995,4,3.5,Woodinville,1921,,2025,,560,430,Sold,,,https://www.redfin.com/WA/Woodinville/13223-NE-143rd-Ct-98072/unit-18/home/195989253,NWMLS as Distributed by MLS Grid,2387651,N,Y,47.7303337,-122.1631672
PAST SALE,,Single Family Residential,12704 NE 80th St,Kirkland,WA,98033,1212000,4,2.5,,1840,9900,1942,,659,,,,,https://www.redfin.com/WA/Kirkland/12704-NE-80th-St-98033/home/517111,,,N,Y,47.6755654,-122.1699391
PAST SALE,May-29-2025,Condo/Co-op,10232 NE 10th St #312,Bellevue,WA,98004,1080000,1,1.0,Downtown,760,,2024,,1421,904,Sold,,,https://www.redfin.com/WA/Bellevue/10232-NE-10th-St-98004/unit-312/home/196790868,NWMLS as Distributed by MLS Grid,2416208,N,Y,47.6195293,-122.2032469
PAST SALE,May-2-2025,Condo/Co-op,221 9th St Unit C102,Kirkland,WA,98033,610000,2,2.0,Downtown,988,,1987,,617,398,Sold,,,https://www.redfin.com/WA/Kirkland/221-9th-St-98033/unit-C102/home/2089605,NWMLS as Distributed by MLS Grid,2370590,N,Y,47.6774044,-122.1924312
PAST SALE,May-20-2025,Townhouse,10824 (HS 80) 120th Ln NE Unit A,Kirkland,WA,98033,1523075,4,3.5,Kirkland,2079,,2025,,733,280,Sold,,,https://www.redfin.com/WA/Kirkland/10824-HS-80-120th-Ln-NE-98033/unit-A/home/194901898,NWMLS as Distributed by MLS Grid,2338811,N,Y,47.696728,-122.182659
PAST SALE,April-9-2025,Single Family Residential,23844 NE Salal Pl,Redmond,WA,98053,1350000,2,2.0,Trilogy,1870,5909,2007,,722,340,Sold,,,https://www.redfin.com/WA/Redmond/23844-NE-Salal-Pl-98053/home/12305969,NWMLS as Distributed by MLS Grid,2358479,N,Y,47.7200703,-122.0195668
PAST SALE,May-5-2025,Townhouse,12314 137th Pl NE #1906,Redmond,WA,98052,1476900,4,3.5,Redmond,2281,,2025,,647,,Sold,,,https://www.redfin.com/WA/Redmond/12314-137th-PL-NE-98052/unit-1906/home/195278018,NWMLS as Distributed by MLS Grid,2356183,N,Y,47.710518,-122.158158
PAST SALE,August-14-2025,Townhouse,10823 (HS 98) 120th Ln NE Unit A,Kirkland,WA,98033,1475367,4,3.5,Kirkland,2079,,2025,,710,280,Sold,,,https://www.redfin.com/WA/Kirkland/10823-HS-98-120th-Ln-NE-98033/unit-A/home/194971063,NWMLS as Distributed by MLS Grid,2341921,N,Y,47.697303,-122.182478
PAST SALE,June-27-2025,Condo/Co-op,10232 NE 10th St #1111,Bellevue,WA,98004,1069000,1,1.0,Downtown,658,,2024,,1625,783,Sold,,,https://www.redfin.com/WA/Bellevue/10232-NE-10th-St-98004/unit-1111/home/196562740,NWMLS as Distributed by MLS Grid,2411931,N,Y,47.6195293,-122.2032469
PAST SALE,May-7-2025,Condo/Co-op,1085 103rd Ave NE #527,Bellevue,WA,98004,880000,2,2.0,Downtown,1064,,2018,,827,912,Sold,,,https://www.redfin.com/WA/Bellevue/1085-103rd-Ave-NE-98004/unit-527/home/168852402,NWMLS as Distributed by MLS Grid,2372865,N,Y,47.6199682,-122.2033327
PAST SALE,April-28-2025,Single Family Residential,1036 167th Pl NE,Bellevue,WA,98008,1250000,2,2.0,East Bellevue,1050,7500,1959,,1190,,Sold,,,https://www.redfin.com/WA/Bellevue/1036-167th-Pl-NE-98008/home/501121,NWMLS as Distributed by MLS Grid,2375473,N,Y,47.6199595,-122.1171069
PAST SALE,July-1-2025,Single Family Residential,16219 NE 135th St,Redmond,WA,98052,2600000,4,2.5,Grousemont,3730,29148,1988,,697,46,Sold,,,https://www.redfin.com/WA/Redmond/16219-NE-135th-St-98052/home/450505,NWMLS as Distributed by MLS Grid,2402240,N,Y,47.7205214,-122.1229219
PAST SALE,June-11-2025,Single Family Residential,10417 NE 112th St,Kirkland,WA,98033,3250000,5,4.5,Forbes Creek,3946,8580,2025,,824,,Sold,,,https://www.redfin.com/WA/Kirkland/10417-NE-112th-St-98033/home/461247,NWMLS as Distributed by MLS Grid,2395376,N,Y,47.7002011,-122.2017579
PAST SALE,,Condo/Co-op,12729 NE 144th St Unit 154A,Kirkland,WA,98034,244800,2,1.0,,939,,1978,,261,,,,,https://www.redfin.com/WA/Kirkland/12729-NE-144th-St-98034/unit-154A/home/29159,,,N,Y,47.7305966,-122.1699643
PAST SALE,,Single Family Residential,2513 162nd Ave NE,Bellevue,WA,98008,1320000,3,2.0,,1740,9525,1957,,759,,,,,https://www.redfin.com/WA/Bellevue/2513-162nd-Ave-NE-98008/home/432994,,,N,Y,47.6327937,-122.1246283
PAST SALE,September-4-2025,Single Family Residential,6214 102nd Pl NE,Kirkland,WA,98033,3530000,4,3.0,Houghton,2230,9918,1980,,1583,,Sold,,,https://www.redfin.com/WA/Kirkland/6214-102nd-Pl-NE-98033/home/459757,NWMLS as Distributed by MLS Grid,2429629,N,Y,47.6625774,-122.2023215
PAST SALE,June-2-2025,Single Family Residential,102 153rd Pl Se SE,Bellevue,WA,98007,2750000,5,4.5,Bellevue,3830,9418,2025,,718,,Sold,,,https://www.redfin.com/WA/Bellevue/102-153rd-Pl-SE-98007/home/426622,NWMLS as Distributed by MLS Grid,2386512,N,Y,47.6093076,-122.1351395
PAST SALE,May-29-2025,Condo/Co-op,11149 134th (Homesite 21) Ct NE,Redmond,WA,98052,1297487,3,3.0,Rose Hill,1488,,2024,,872,297,Sold,,,https://www.redfin.com/WA/Redmond/11149-134th-Homesite-21-CT-NE-98052/home/187473165,NWMLS as Distributed by MLS Grid,2159840,N,Y,47.701231,-122.161311
PAST SALE,,Condo/Co-op,5501 Lakemont Blvd SE #106,Bellevue,WA,98006,899390,3,3.0,,1760,,2001,,511,,,,,https://www.redfin.com/WA/Bellevue/5501-Lakemont-Blvd-SE-98006/unit-106/home/69194,,,N,Y,47.5538087,-122.1254883
PAST SALE,June-11-2025,Single Family Residential,9600 168th Ave NE,Redmond,WA,98052,1010000,3,2.0,Education Hill,1790,8960,1964,,564,,Sold,,,https://www.redfin.com/WA/Redmond/9600-168th-Ave-NE-98052/home/325640,NWMLS as Distributed by MLS Grid,2377301,N,Y,47.6865983,-122.1152295
PAST SALE,,Single Family Residential,13819 NE 37th Pl,Bellevue,WA,98005,2400000,5,4.0,,5300,35232,1969,,453,,,,,https://www.redfin.com/WA/Bellevue/13819-NE-37th-Pl-98005/home/430059,,,N,Y,47.6434903,-122.1555239
PAST SALE,September-2-2025,Single Family Residential,615 & 621 13th Ave W,Kirkland,WA,98033,3670000,3,2.0,West Of Market,2129,13324,1940,,1724,,Sold,,,https://www.redfin.com/WA/Kirkland/615-13th-Ave-W-98033/home/281369,NWMLS as Distributed by MLS Grid,2430085,N,Y,47.6879806,-122.2145476
PAST SALE,June-6-2025,Single Family Residential,3274 164th Pl SE,Bellevue,WA,98008,1150000,4,2.0,Vasa Park,2120,12940,1968,,542,,Sold,,,https://www.redfin.com/WA/Bellevue/3274-164th-Pl-SE-98008/home/429679,NWMLS as Distributed by MLS Grid,2389306,N,Y,47.579735,-122.1202007
PAST SALE,June-2-2025,Condo/Co-op,5404 Lake Washington Blvd NE Unit H,Kirkland,WA,98033,1838000,2,2.0,Kirkland,1576,210421,1990,,1166,1109,Sold,,,https://www.redfin.com/WA/Kirkland/5404-Lake-Washington-Blvd-NE-98033/unit-H/home/28625246,NWMLS as Distributed by MLS Grid,2388084,N,Y,47.655578,-122.2031054
PAST SALE,August-15-2025,Single Family Residential,13817 SE 3rd Pl,Bellevue,WA,98005,1700000,3,2.5,Lake Hills,1820,20148,1976,,934,,Sold,,,https://www.redfin.com/WA/Bellevue/13817-SE-3rd-Pl-98005/home/508354,NWMLS as Distributed by MLS Grid,2410849,N,Y,47.6065269,-122.1549469
PAST SALE,May-5-2025,Single Family Residential,3029 W Lake Sammamish Pkwy,Redmond,WA,98052,4000000,4,3.0,West Lake Sammamish,3772,38332,1954,,1060,,Sold,,,https://www.redfin.com/WA/Redmond/3029-W-Lake-Sammamish-Pkwy-NE-98052/home/505075,NWMLS as Distributed by MLS Grid,2372056,N,Y,47.6369969,-122.0949792
PAST SALE,August-8-2025,Condo/Co-op,500 106th Ave NE #611,Bellevue,WA,98004,1768000,2,2.5,Downtown,2075,,2008,,852,1796,Sold,,,https://www.redfin.com/WA/Bellevue/500-106th-Ave-NE-98004/unit-611/home/21882663,NWMLS as Distributed by MLS Grid,2420089,N,Y,47.6144583,-122.1977401
PAST SALE,August-8-2025,Single Family Residential,15903 Main St,Bellevue,WA,98008,2950000,5,4.5,Lake Hills,4306,9282,2025,,685,,Sold,,,https://www.redfin.com/WA/Bellevue/15903-Main-St-98008/home/426271,NWMLS as Distributed by MLS Grid,2419614,N,Y,47.6096055,-122.1278308
PAST SALE,April-11-2025,Single Family Residential,438 173rd Pl NE,Bellevue,WA,98008,2450000,5,3.0,Lochmoor,3180,9699,1966,,770,,Sold,,,https://www.redfin.com/WA/Bellevue/438-173rd-Pl-NE-98008/home/500809,NWMLS as Distributed by MLS Grid,2360121,N,Y,47.614206,-122.1098587
PAST SALE,June-2-2025,Single Family Residential,16554 SE 29th St,Bellevue,WA,98008,1410000,3,2.0,Bellevue,1610,11560,1960,,876,,Sold,,,https://www.redfin.com/WA/Bellevue/16554-SE-29th-St-98008/home/428835,NWMLS as Distributed by MLS Grid,2410657,N,Y,47.5842173,-122.1180623
PAST SALE,June-25-2025,Townhouse,7785 NE 122rd Ln Unit C1,Kirkland,WA,98034,885000,2,2.0,Finn Hill,1309,,2003,,676,619,Sold,,,https://www.redfin.com/WA/Kirkland/7785-NE-122nd-Ln-98034/unit-C1/home/29461,NWMLS as Distributed by MLS Grid,2401246,N,Y,47.709824,-122.239458
PAST SALE,April-30-2025,Condo/Co-op,500 106th Ave NE #3311,Bellevue,WA,98004,2350000,2,3.0,Downtown,2147,,2008,,1095,1855,Sold,,,https://www.redfin.com/WA/Bellevue/500-106th-Ave-NE-98004/unit-3311/home/21882807,NWMLS as Distributed by MLS Grid,2369599,N,Y,47.6144583,-122.1977401
PAST SALE,July-9-2025,Condo/Co-op,13274 NE 143rd Ct #36,Woodinville,WA,98072,1149995,4,3.5,Woodinville,1921,,2025,,599,430,Sold,,,https://www.redfin.com/WA/Woodinville/13274-NE-143rd-Ct-98072/unit-36/home/195991141,NWMLS as Distributed by MLS Grid,2387990,N,Y,47.7305613,-122.1618471
PAST SALE,August-14-2025,Single Family Residential,10511 NE 46th St,Kirkland,WA,98033,1800000,3,3.0,Kirkland,1780,9490,1959,,1011,,Sold,,,https://www.redfin.com/WA/Kirkland/10511-NE-46th-St-98033/home/460498,NWMLS as Distributed by MLS Grid,2424840,N,Y,47.651188,-122.198921
PAST SALE,,Condo/Co-op,9910 NE 119th St #102,Kirkland,WA,98034,538000,2,2.0,,1170,,1985,,460,,,,,https://www.redfin.com/WA/Kirkland/9910-NE-119th-St-98034/unit-102/home/47439,,,N,Y,47.7068223,-122.2092716
PAST SALE,September-15-2025,Condo/Co-op,13026 NE 85th Ln,Kirkland,WA,98033,1550000,3,2.5,North Rose Hill,1800,2955,2025,,861,25,Sold,,,https://www.redfin.com/WA/Kirkland/13026-NE-85th-Ln-98033/home/197310363,NWMLS as Distributed by MLS Grid,2423683,N,Y,47.6802478,-122.1659893
PAST SALE,June-9-2025,Multi-Family (2-4 Unit),27 147th Ave SE,Bellevue,WA,98007,1955000,8,5.0,Bellevue,4150,8149,1969,,471,142,Sold,,,https://www.redfin.com/WA/Bellevue/27-147th-Ave-SE-98007/home/2072111,NWMLS as Distributed by MLS Grid,2393221,N,Y,47.6090157,-122.1447101
PAST SALE,August-28-2025,Condo/Co-op,13278 NE 143rd Ct #37,Woodinville,WA,98072,1199995,4,3.5,Woodinville,1921,1,2025,,625,430,Sold,,,https://www.redfin.com/WA/Woodinville/13278-NE-143rd-Ct-98072/unit-37/home/195043029,NWMLS as Distributed by MLS Grid,2412172,N,Y,47.7305617,-122.1617527
PAST SALE,June-2-2025,Single Family Residential,743 8th St S,Kirkland,WA,98033,1525000,3,1.0,Kirkland,1240,8281,1967,,1230,,Sold,,,https://www.redfin.com/WA/Kirkland/743-8th-St-S-98033/home/461993,NWMLS as Distributed by MLS Grid,2388165,N,Y,47.6695942,-122.193934
PAST SALE,,Single Family Residential,13079 134th Ave NE,Kirkland,WA,98034,1425000,3,2.5,,2040,7511,1997,,699,,,,,https://www.redfin.com/WA/Kirkland/13079-134th-Ave-NE-98034/home/513955,,,N,Y,47.7173006,-122.1614888
PAST SALE,August-25-2025,Townhouse,12327 137th Pl NE #104,Redmond,WA,98052,999900,2,2.5,Redmond,1532,,2025,,653,,Sold,,,https://www.redfin.com/WA/Redmond/12327-137th-PL-NE-98052/unit-104/home/197558689,NWMLS as Distributed by MLS Grid,2427727,N,Y,47.710619,-122.158676
PAST SALE,May-27-2025,Single Family Residential,13203 NE 54th Pl,Bellevue,WA,98005,1800000,4,2.5,Bridle Trails,2440,35658,1972,,738,,Sold,,,https://www.redfin.com/WA/Bellevue/13203-NE-54th-Pl-98005/home/431013,NWMLS as Distributed by MLS Grid,2384671,N,Y,47.6563567,-122.1632626
PAST SALE,May-21-2025,Single Family Residential,6602 129th Pl SE,Bellevue,WA,98006,1330000,4,2.0,Bellevue,1990,12950,1968,,668,,Sold,,,https://www.redfin.com/WA/Bellevue/6602-129th-Pl-SE-98006/home/413314,NWMLS as Distributed by MLS Grid,2380107,N,Y,47.5434105,-122.1664008
PAST SALE,September-12-2025,Vacant Land,16517 2nd Pl,Bellevue,WA,98008,1450000,,,Lochmoor,,15535,,,,,Sold,,,https://www.redfin.com/WA/Bellevue/16517-NE-2nd-Pl-98008/home/500461,NWMLS as Distributed by MLS Grid,2435198,N,Y,47.6120115,-122.1193197
PAST SALE,September-25-2025,Single Family Residential,13808 SE 1st St,Bellevue,WA,98005,4300000,5,5.5,Glendale,4945,17640,2025,,870,,Sold,,,https://www.redfin.com/WA/Bellevue/13808-SE-1st-St-98005/home/507089,NWMLS as Distributed by MLS Grid,2428000,N,Y,47.60927,-122.1559635
PAST SALE,June-30-2025,Single Family Residential,7005 143rd Pl NE,Redmond,WA,98052,2600000,6,4.5,Grass Lawn Park,3700,9296,1965,,703,,Sold,,,https://www.redfin.com/WA/Redmond/7005-143rd-Pl-NE-98052/home/514100,NWMLS as Distributed by MLS Grid,2402043,N,Y,47.6680849,-122.1489715
PAST SALE,September-15-2025,Townhouse,12297 137th Pl NE #3007,Redmond,WA,98052,1093900,2,2.5,Redmond,1505,,2025,,727,186,Sold,,,https://www.redfin.com/WA/Redmond/12297-137th-PL-NE-98052/unit-3007/home/195416989,NWMLS as Distributed by MLS Grid,2360235,N,Y,47.710428,-122.158711
PAST SALE,July-16-2025,Single Family Residential,15516 NE 54th Pl,Redmond,WA,98052,2130000,5,3.5,Microsoft,3010,7796,1963,,708,,Sold,,,https://www.redfin.com/WA/Redmond/15516-NE-54th-Pl-98052/home/505650,NWMLS as Distributed by MLS Grid,2408686,N,Y,47.6567615,-122.1332719
PAST SALE,May-9-2025,Single Family Residential,708 99th Ave SE,Bellevue,WA,98004,2850000,4,3.0,Meydenbauer,3676,23284,1953,,775,,Sold,,,https://www.redfin.com/WA/Bellevue/708-99th-Ave-SE-98004/home/253336,NWMLS as Distributed by MLS Grid,2344632,N,Y,47.6025791,-122.2074999
PAST SALE,,Single Family Residential,524 157th Ave SE,Bellevue,WA,98008,1270000,3,2.5,,1620,7560,1958,,784,,,,,https://www.redfin.com/WA/Bellevue/524-157th-Ave-SE-98008/home/426055,,,N,Y,47.6050573,-122.1303026
PAST SALE,April-7-2025,Townhouse,8632 112th Ln NE #11,Kirkland,WA,98033,1550000,3,2.5,Kirkland,1894,56350,2003,,818,678,Sold,,,https://www.redfin.com/WA/Kirkland/8632-112th-Ln-NE-98033/unit-11/home/9071,NWMLS as Distributed by MLS Grid,2356180,N,Y,47.6804375,-122.1898342
PAST SALE,September-29-2025,Single Family Residential,11310 NE 60th St,Kirkland,WA,98033,2165000,4,2.0,Houghton,2620,15623,1965,,826,,Sold,,,https://www.redfin.com/WA/Kirkland/11310-NE-60th-St-98033/home/459386,NWMLS as Distributed by MLS Grid,2439385,N,Y,47.6613444,-122.1892426
PAST SALE,May-20-2025,Condo/Co-op,10232 NE 10th St #701,Bellevue,WA,98004,1129000,1,1.0,Downtown,749,,2024,,1507,891,Sold,,,https://www.redfin.com/WA/Bellevue/10232-NE-10th-St-98004/unit-701/home/196790879,NWMLS as Distributed by MLS Grid,2416212,N,Y,47.6195293,-122.2032469
PAST SALE,April-14-2025,Single Family Residential,15715 NE 53rd St,Redmond,WA,98052,1400000,4,2.0,Redmond,1670,8400,1969,,838,,Sold,,,https://www.redfin.com/WA/Redmond/15715-NE-53rd-St-98052/home/505274,NWMLS as Distributed by MLS Grid,2345884,N,Y,47.655381,-122.1304481
PAST SALE,May-1-2025,Single Family Residential,14224 SE Eastgate Dr,Bellevue,WA,98006,3600000,5,4.5,Eastgate,4337,9590,2025,,830,,Sold,,,https://www.redfin.com/WA/Bellevue/14224-SE-Eastgate-Dr-98006/home/234028,NWMLS as Distributed by MLS Grid,2369536,N,Y,47.5761267,-122.1500316
PAST SALE,September-12-2025,Single Family Residential,12528 SE 70th St,Newcastle,WA,98056,950000,5,3.0,Newcastle,2180,11031,1967,,436,,Sold,,,https://www.redfin.com/WA/Newcastle/12528-SE-70th-St-98056/home/416055,NWMLS as Distributed by MLS Grid,2433953,N,Y,47.5402451,-122.1726539
PAST SALE,,Condo/Co-op,22657 NE Alder Crest Ln #22657,Redmond,WA,98053,755000,2,2.5,,1241,,2003,,608,,,,,https://www.redfin.com/WA/Redmond/22657-NE-Alder-Crest-Ln-98053/unit-22657/home/7104,,,N,Y,47.691665,-122.039021
PAST SALE,July-1-2025,Single Family Residential,4758 153rd Ave SE,Bellevue,WA,98006,1525000,3,3.0,Whispering Heights,2850,14738,1978,,535,,Sold,,,https://www.redfin.com/WA/Bellevue/4758-153rd-Ave-SE-98006/home/238108,NWMLS as Distributed by MLS Grid,2406406,N,Y,47.5600786,-122.1343921
PAST SALE,June-26-2025,Single Family Residential,13221 125th Ave NE,Kirkland,WA,98034,885000,4,2.0,Kingsgate,1170,7140,1970,,756,,Sold,,,https://www.redfin.com/WA/Kirkland/13221-125th-Ave-NE-98034/home/456212,NWMLS as Distributed by MLS Grid,2399143,N,Y,47.7193238,-122.1740239
PAST SALE,July-2-2025,Single Family Residential,1212 169 Pl NE,Bellevue,WA,98008,1233000,3,1.5,Lake Hills,1250,7760,1963,,986,,Sold,,,https://www.redfin.com/WA/Bellevue/1212-169th-Pl-NE-98008/home/501432,NWMLS as Distributed by MLS Grid,2404543,N,Y,47.6200525,-122.1140318
PAST SALE,May-9-2025,Single Family Residential,10406 115th Pl NE,Kirkland,WA,98033,1385000,3,2.5,Highlands,2250,9544,1979,,616,,Sold,,,https://www.redfin.com/WA/Kirkland/10406-115th-Pl-NE-98033/home/463383,NWMLS as Distributed by MLS Grid,2375070,N,Y,47.6934248,-122.186897
PAST SALE,June-11-2025,Condo/Co-op,9903 Lake Washington Blvd NE #201,Bellevue,WA,98004,2900000,3,2.0,Meydenbauer,2000,,1979,,1450,1280,Sold,,,https://www.redfin.com/WA/Bellevue/9903-Lake-Washington-Blvd-NE-98004/unit-201/home/196063496,NWMLS as Distributed by MLS Grid,2391893,N,Y,47.6107368,-122.209147
PAST SALE,August-25-2025,Single Family Residential,17266 NE 18th Pl,Bellevue,WA,98008,1225000,3,1.5,Bellevue,1480,7649,1968,,828,,Sold,,,https://www.redfin.com/WA/Bellevue/17266-NE-18th-Pl-98008/home/503391,NWMLS as Distributed by MLS Grid,2425469,N,Y,47.626389,-122.1090407
PAST SALE,April-22-2025,Single Family Residential,5255 Highland Dr,Bellevue,WA,98006,1650000,3,2.0,Somerset,2080,8837,1980,,793,6,Sold,,,https://www.redfin.com/WA/Bellevue/5255-Highland-Dr-98006/home/235714,NWMLS as Distributed by MLS Grid,2355392,N,Y,47.5559719,-122.1530661
PAST SALE,May-27-2025,Townhouse,12314 137th Pl NE #104,Redmond,WA,98052,1069900,2,2.5,Redmond,1532,,2025,,698,,Sold,,,https://www.redfin.com/WA/Redmond/12314-137th-PL-NE-98052/unit-104/home/195278065,NWMLS as Distributed by MLS Grid,2356122,N,Y,47.710518,-122.158158
PAST SALE,,Condo/Co-op,3834 175th Ave NE #404,Redmond,WA,98052,717500,2,1.0,,932,,1967,,770,,,,,https://www.redfin.com/WA/Redmond/3834-175th-Ave-NE-98052/unit-404/home/70889,,,N,Y,47.6444436,-122.1042441
PAST SALE,May-23-2025,Single Family Residential,77 Skagit Ky,Bellevue,WA,98006,6700000,4,3.5,Newport Shores,3909,61186,1977,,1714,120,Sold,,,https://www.redfin.com/WA/Bellevue/77-Skagit-Ky-98006/home/409240,NWMLS as Distributed by MLS Grid,2381813,N,Y,47.5734501,-122.1888623
PAST SALE,August-15-2025,Single Family Residential,7033 127th Ave NE,Kirkland,WA,98033,1250000,3,1.5,Bridle Trails,1280,9877,1964,,977,,Sold,,,https://www.redfin.com/WA/Kirkland/7033-127th-Ave-NE-98033/home/516113,NWMLS as Distributed by MLS Grid,2406322,N,Y,47.6690537,-122.1711354
PAST SALE,,Single Family Residential,10206 134th Pl NE,Kirkland,WA,98033,1750000,4,3.0,,2410,4409,2016,,726,,,,,https://www.redfin.com/WA/Kirkland/10206-134th-Pl-NE-98033/home/69356826,,,N,Y,47.6913549,-122.1612808
PAST SALE,August-14-2025,Single Family Residential,8432 NE 138th St,Kirkland,WA,98034,850000,1,1.0,Juanita,1140,11250,1965,,746,,Sold,,,https://www.redfin.com/WA/Kirkland/8432-NE-138th-St-98034/home/279308,NWMLS as Distributed by MLS Grid,2421624,N,Y,47.7248737,-122.2278918
PAST SALE,,Single Family Residential,3705 148th Ave SE,Bellevue,WA,98006,1206000,3,2.0,,1450,8350,1955,,832,,,,,https://www.redfin.com/WA/Bellevue/3705-148th-Ave-SE-98006/home/234815,,,N,Y,47.5770967,-122.1435663
PAST SALE,April-24-2025,Single Family Residential,5015 136th Place Se SE,Bellevue,WA,98006,2500000,6,3.5,Somerset,5640,15061,1993,,443,,Sold,,,https://www.redfin.com/WA/Bellevue/5015-136th-Pl-SE-98006/home/239664,NWMLS as Distributed by MLS Grid,2348245,N,Y,47.5570602,-122.1567321
PAST SALE,,Single Family Residential,1917 166th Pl NE,Bellevue,WA,98008,1100000,3,2.0,,2050,12810,1966,,537,,,,,https://www.redfin.com/WA/Bellevue/1917-166th-Pl-NE-98008/home/432054,,,N,Y,47.6278121,-122.1185278
PAST SALE,June-16-2025,Condo/Co-op,17402 NE 40th Pl Unit A1,Redmond,WA,98052,1470000,3,2.0,West Lake Sammamish,1932,251900,1975,,761,1050,Sold,,,https://www.redfin.com/WA/Redmond/17402-NE-40th-Pl-98052/unit-A1/home/26225,NWMLS as Distributed by MLS Grid,2394822,N,Y,47.6471053,-122.1062425
PAST SALE,August-13-2025,Condo/Co-op,13215 NE 143rd Ct #20,Woodinville,WA,98072,1224995,4,3.5,Woodinville,2011,1,2025,,609,430,Sold,,,https://www.redfin.com/WA/Woodinville/13215-NE-143rd-Ct-98072/unit-20/home/196026350,NWMLS as Distributed by MLS Grid,2389830,N,Y,47.7304362,-122.1633153
PAST SALE,,Condo/Co-op,6689 SE Cougar Mountain Way #3,Bellevue,WA,98006,525000,2,2.0,,978,,1995,,537,,,,,https://www.redfin.com/WA/Bellevue/6689-SE-Cougar-Mountain-Way-98006/unit-3/home/72614,,,N,Y,47.5429643,-122.128263
PAST SALE,September-18-2025,Townhouse,12297 137th Pl NE #3001,Redmond,WA,98052,1459900,4,3.5,Redmond,2313,,2025,,631,186,Sold,,,https://www.redfin.com/WA/Redmond/12297-137th-PL-NE-98052/unit-3001/home/195416894,NWMLS as Distributed by MLS Grid,2360211,N,Y,47.710428,-122.158711
PAST SALE,,Single Family Residential,8670 NE 10th St,Medina,WA,98039,3350000,3,3.5,,2890,16900,1977,,1159,,,,,https://www.redfin.com/WA/Medina/8670-NE-10th-St-98039/home/251162,,,N,Y,47.6195011,-122.2226705
PAST SALE,April-18-2025,Single Family Residential,3 Bridlewood Cir,Kirkland,WA,98033,4800000,4,5.5,Bridle Trails,5752,52310,2025,,834,,Sold,,,https://www.redfin.com/WA/Kirkland/3-Bridlewood-Cir-98033/home/430843,NWMLS as Distributed by MLS Grid,2362795,N,Y,47.6596842,-122.177512
PAST SALE,,Single Family Residential,4617 140th Ave NE,Bellevue,WA,98005,2250000,3,2.5,,3690,39639,1941,,610,,,,,https://www.redfin.com/WA/Bellevue/4617-140th-Ave-NE-98005/home/430946,,,N,Y,47.6515561,-122.1545045
PAST SALE,,Single Family Residential,402 13th Ave,Kirkland,WA,98033,3060000,2,1.0,,850,27586,1952,,3600,,,,,https://www.redfin.com/WA/Kirkland/402-13th-Ave-98033/home/461546,,,N,Y,47.6860389,-122.2002646
PAST SALE,May-22-2025,Condo/Co-op,13271 NE 143rd Ct #6,Woodinville,WA,98072,1274995,4,3.5,Woodinville,1921,,2025,,664,430,Sold,,,https://www.redfin.com/WA/Woodinville/13271-NE-143rd-Ct-98072/unit-6/home/195429736,NWMLS as Distributed by MLS Grid,2361072,N,Y,47.7300898,-122.1620616
PAST SALE,April-14-2025,Single Family Residential,1927 9th St W,Kirkland,WA,98033,2900000,6,3.5,West Of Market,4460,9350,2013,,650,,Sold,,,https://www.redfin.com/WA/Kirkland/1927-9th-St-W-98033/home/463639,NWMLS as Distributed by MLS Grid,2360239,N,Y,47.6939514,-122.2133918
PAST SALE,May-15-2025,Single Family Residential,315 160th Pl SE,Bellevue,WA,98008,2695000,5,4.5,Lake Hills,3010,8738,2025,,895,,Sold,,,https://www.redfin.com/WA/Bellevue/315-160th-Pl-SE-98008/home/427886,NWMLS as Distributed by MLS Grid,2379480,N,Y,47.6066618,-122.1259571
PAST SALE,June-30-2025,Single Family Residential,14433 SE 40th St,Bellevue,WA,98006,1400000,3,1.5,Bellevue,1200,10440,1954,,1167,,Sold,,,https://www.redfin.com/WA/Bellevue/14433-SE-40th-St-98006/home/233875,NWMLS as Distributed by MLS Grid,2410672,N,Y,47.574314,-122.1470133
PAST SALE,August-28-2025,Condo/Co-op,13452 (HS 11) NE 112th Pl,Redmond,WA,98052,1434464,3,3.0,Rose Hill,1499,,2024,,957,297,Sold,,,https://www.redfin.com/WA/Redmond/13452-NE-112th-Pl-98052/home/191441381,NWMLS as Distributed by MLS Grid,2258754,N,Y,47.7019539,-122.1611855
PAST SALE,June-26-2025,Condo/Co-op,13022 NE 85th Ln,Kirkland,WA,98033,1650000,3,2.5,Kirkland,1800,3191,2025,,917,25,Sold,,,https://www.redfin.com/WA/Kirkland/13022-NE-85th-Ln-98033/home/196010821,NWMLS as Distributed by MLS Grid,2389156,N,Y,47.6802433,-122.1718607
PAST SALE,June-16-2025,Single Family Residential,22233 NE 114th St,Redmond,WA,98053,2700000,3,3.0,Novelty Hill,3870,219978,2005,,698,21,Sold,,,https://www.redfin.com/WA/Redmond/22233-NE-114th-St-98053/home/12300627,NWMLS as Distributed by MLS Grid,2381607,N,Y,47.6993796,-122.0431402
PAST SALE,April-18-2025,Single Family Residential,4445 143rd Pl NE,Bellevue,WA,98007,3105000,5,2.5,Bridle Trails,3848,43131,1983,,807,,Sold,,,https://www.redfin.com/WA/Bellevue/4445-143rd-Pl-NE-98007/home/430134,NWMLS as Distributed by MLS Grid,2346835,N,Y,47.6500441,-122.1499761
PAST SALE,September-25-2025,Single Family Residential,22866 NE 127th Way,Redmond,WA,98053,1100000,3,2.0,Trilogy,1860,5166,2005,,591,340,Sold,,,https://www.redfin.com/WA/Redmond/22866-NE-127th-Way-98053/home/2085696,NWMLS as Distributed by MLS Grid,2428746,N,Y,47.7128432,-122.033709
PAST SALE,September-12-2025,Single Family Residential,10733 126th Pl NE,Kirkland,WA,98033,1435000,4,3.0,North Rose Hill,2080,7200,1975,,690,,Sold,,,https://www.redfin.com/WA/Kirkland/10733-126th-Pl-NE-98033/home/512166,NWMLS as Distributed by MLS Grid,2423845,N,Y,47.6974215,-122.1727868
PAST SALE,September-29-2025,Single Family Residential,10788 SE 11th St,Bellevue,WA,98004,3710000,5,5.0,Surrey Downs,4456,7055,2025,,833,,Sold,,,https://www.redfin.com/WA/Bellevue/10788-SE-11th-St-98004/home/510472,NWMLS as Distributed by MLS Grid,2417546,N,Y,47.6003611,-122.1967229
PAST SALE,May-30-2025,Single Family Residential,2613 127th Ave NE,Bellevue,WA,98005,1760000,3,2.0,Cherry Crest,1950,9752,1959,,903,,Sold,,,https://www.redfin.com/WA/Bellevue/2613-127th-Ave-NE-98005/home/508838,NWMLS as Distributed by MLS Grid,2366189,N,Y,47.6339034,-122.1707526
PAST SALE,May-5-2025,Single Family Residential,4741 119th Ave SE,Bellevue,WA,98006,1150000,4,2.0,Bellevue,2080,25875,1954,,553,,Sold,,,https://www.redfin.com/WA/Bellevue/4741-119th-Ave-SE-98006/home/413848,NWMLS as Distributed by MLS Grid,2355146,N,Y,47.5615318,-122.1814114
PAST SALE,August-20-2025,Single Family Residential,4428 143rd Ave SE,Bellevue,WA,98006,2110000,5,3.0,Somerset,3054,9400,1969,,691,,Sold,,,https://www.redfin.com/WA/Bellevue/4428-143rd-Ave-SE-98006/home/236781,NWMLS as Distributed by MLS Grid,2407987,N,Y,47.5664833,-122.1497776
PAST SALE,September-4-2025,Single Family Residential,14234 SE 41st St,Bellevue,WA,98006,3598000,5,4.5,Eastgate,4221,10440,2025,,852,,Sold,,,https://www.redfin.com/WA/Bellevue/14234-SE-41st-St-98006/home/233825,NWMLS as Distributed by MLS Grid,2375336,N,Y,47.5738204,-122.1499212
PAST SALE,July-3-2025,Single Family Residential,12845 NE 109th Pl,Kirkland,WA,98033,1450000,4,2.5,North Rose Hill,2350,7350,1978,,617,,Sold,,,https://www.redfin.com/WA/Kirkland/12845-NE-109th-Pl-98033/home/513676,NWMLS as Distributed by MLS Grid,2387681,N,Y,47.6979728,-122.1680681
PAST SALE,July-9-2025,Vacant Land,4133 W Ames Lake Dr NE,Redmond,WA,98053,60000,,,Ames Lake,,16800,,,,,Sold,,,https://www.redfin.com/WA/Redmond/4133-W-Ames-Lake-Dr-NE-98053/home/22225070,NWMLS as Distributed by MLS Grid,2400598,N,Y,47.645698,-121.956951
PAST SALE,May-30-2025,Mobile/Manufactured Home,18425 NE 95th St #161,Redmond,WA,98052,255000,2,2.0,Redmond,1440,,1973,,177,,Sold,,,https://www.redfin.com/WA/Redmond/18425-NE-95th-St-98052/unit-161/home/113911131,NWMLS as Distributed by MLS Grid,2374754,N,Y,47.683369,-122.0932488
PAST SALE,August-8-2025,Townhouse,10909 Avondale Rd NE Unit H132,Redmond,WA,98052,745000,3,2.5,Avondale,1487,,1992,,501,669,Sold,,,https://www.redfin.com/WA/Redmond/10909-Avondale-Rd-NE-98052/unit-H132/home/30100,NWMLS as Distributed by MLS Grid,2403678,N,Y,47.697549,-122.094198
PAST SALE,,Single Family Residential,12719 Sunbreak Way NE,Redmond,WA,98053,1750000,2,2.5,,2300,5580,2005,,761,,,,,https://www.redfin.com/WA/Redmond/12719-Sunbreak-Way-NE-98053/home/2089744,,,N,Y,47.7130877,-122.0347571
PAST SALE,April-21-2025,Single Family Residential,7424 143rd Ave NE,Redmond,WA,98052,1335000,3,3.0,Microsoft,1488,7700,1968,,897,,Sold,,,https://www.redfin.com/WA/Redmond/7424-143rd-Ave-NE-98052/home/517284,NWMLS as Distributed by MLS Grid,2348145,N,Y,47.671503,-122.1484449
PAST SALE,August-1-2025,Single Family Residential,13297 SE 54th Pl,Bellevue,WA,98006,1700000,4,2.5,Forest Ridge,2000,9480,1984,,850,,Sold,,,https://www.redfin.com/WA/Bellevue/13297-SE-54th-Pl-98006/home/240688,NWMLS as Distributed by MLS Grid,2405039,N,Y,47.5536931,-122.1625208
PAST SALE,May-9-2025,Single Family Residential,10054 SE 7th St,Bellevue,WA,98004,1850000,3,2.0,Meydenbauer,1960,9300,1954,,944,,Sold,,,https://www.redfin.com/WA/Bellevue/10054-SE-7th-St-98004/home/253699,NWMLS as Distributed by MLS Grid,2356462,N,Y,47.6037567,-122.2043609
PAST SALE,May-30-2025,Single Family Residential,5017 228th Ave NE,Redmond,WA,98053,1900000,3,3.5,Union Hill,3080,80720,1982,,617,,Sold,,,https://www.redfin.com/WA/Redmond/5017-228th-Ave-NE-98053/home/444298,NWMLS as Distributed by MLS Grid,2376158,N,Y,47.6533893,-122.0368717
PAST SALE,June-12-2025,Condo/Co-op,10917 NE 59th St,Kirkland,WA,98033,2199950,4,2.5,Houghton,2026,3763,2025,,1086,4,Sold,,,https://www.redfin.com/WA/Kirkland/10917-NE-59th-St-98033/home/195822246,NWMLS as Distributed by MLS Grid,2374282,N,Y,47.6601762,-122.1940967
PAST SALE,May-7-2025,Single Family Residential,12602 240th Pl NE,Redmond,WA,98053,2650000,3,3.5,Trilogy,3360,9370,2009,,789,340,Sold,,,https://www.redfin.com/WA/Redmond/12602-240th-Pl-NE-98053/home/22415769,NWMLS as Distributed by MLS Grid,2343776,N,Y,47.7106786,-122.017348
PAST SALE,June-30-2025,Single Family Residential,18403 NE 100th Ct,Redmond,WA,98052,2300000,6,3.5,Education Hill,3189,12378,1999,,721,,Sold,,,https://www.redfin.com/WA/Redmond/18403-NE-100th-Ct-98052/home/323342,NWMLS as Distributed by MLS Grid,2388390,N,Y,47.6898951,-122.0952786
PAST SALE,June-20-2025,Single Family Residential,2630 131st Pl NE,Bellevue,WA,98005,3100000,5,3.5,Bridle Trails,3630,13218,1975,,854,,Sold,,,https://www.redfin.com/WA/Bellevue/2630-131st-Pl-NE-98005/home/430335,NWMLS as Distributed by MLS Grid,2390107,N,Y,47.634589,-122.1646635
PAST SALE,July-17-2025,Single Family Residential,214 10th Ave,Kirkland,WA,98033,2200000,3,2.5,East Of Market,2407,7495,1949,,914,,Sold,,,https://www.redfin.com/WA/Kirkland/214-10th-Ave-98033/home/463531,NWMLS as Distributed by MLS Grid,2389592,N,Y,47.6832117,-122.2055631
PAST SALE,April-8-2025,Condo/Co-op,11018 104th Ave NE,Kirkland,WA,98033,1500000,3,3.0,Juanita,1761,5844,2025,,852,4,Sold,,,https://www.redfin.com/WA/Kirkland/11018-104th-Ave-NE-98033/home/195140727,NWMLS as Distributed by MLS Grid,2346712,N,Y,47.6991565,-122.2019498
PAST SALE,August-11-2025,Townhouse,3 146th Ave SE,Bellevue,WA,98007,549000,2,1.5,Lake Hills,975,,1979,,563,540,Sold,,,https://www.redfin.com/WA/Bellevue/3-146th-Ave-SE-98007/home/179748030,NWMLS as Distributed by MLS Grid,2386129,N,Y,47.6089389,-122.1453129
PAST SALE,September-26-2025,Single Family Residential,16721 NE 5th Pl,Bellevue,WA,98008,1400000,5,3.0,Lake Hills,3270,13477,1961,,428,,Sold,,,https://www.redfin.com/WA/Bellevue/16721-NE-5th-Pl-98008/home/501068,NWMLS as Distributed by MLS Grid,2419429,N,Y,47.6143972,-122.1171899
PAST SALE,July-17-2025,Townhouse,127 141st Pl NE #147,Bellevue,WA,98007,948000,2,2.0,Bellevue,1682,976179,1973,,564,870,Sold,,,https://www.redfin.com/WA/Bellevue/127-141st-Pl-NE-98007/unit-147/home/51592,NWMLS as Distributed by MLS Grid,2390042,N,Y,47.6104352,-122.1516478
PAST SALE,August-15-2025,Single Family Residential,12143 SE 68th Pl,Bellevue,WA,98006,1380000,5,3.0,Newport Hills,2370,8800,1967,,582,,Sold,,,https://www.redfin.com/WA/Bellevue/12143-SE-68th-Pl-98006/home/414644,NWMLS as Distributed by MLS Grid,2403445,N,Y,47.5413568,-122.1782751
PAST SALE,June-30-2025,Single Family Residential,709 7th St S,Kirkland,WA,98033,2810000,5,3.0,Everest Park,3454,8594,2003,,814,,Sold,,,https://www.redfin.com/WA/Kirkland/709-7th-St-S-98033/home/464174,NWMLS as Distributed by MLS Grid,2396199,N,Y,47.6699538,-122.1953311
PAST SALE,September-12-2025,Single Family Residential,14238 SE Eastgate Dr,Bellevue,WA,98006,1350000,3,2.0,Eastgate,1543,10400,1955,,875,,Sold,,,https://www.redfin.com/WA/Bellevue/14238-SE-Eastgate-Dr-98006/home/234611,NWMLS as Distributed by MLS Grid,2424875,N,Y,47.5761819,-122.1493182
PAST SALE,September-26-2025,Townhouse,6423 112th Ave SE,Newcastle,WA,98056,975000,2,2.0,Newcastle,1818,,2001,,536,765,Sold,,,https://www.redfin.com/WA/Newcastle/6423-112th-Ave-SE-98056/home/175672138,NWMLS as Distributed by MLS Grid,2425576,N,Y,47.5447117,-122.1913688
PAST SALE,June-13-2025,Single Family Residential,16617 SE 46th St,Bellevue,WA,98006,2100000,4,2.5,Vuemont,2870,15980,1985,,732,9,Sold,,,https://www.redfin.com/WA/Bellevue/16617-SE-46th-St-98006/home/237939,NWMLS as Distributed by MLS Grid,2358220,N,Y,47.5627934,-122.1180991
PAST SALE,April-18-2025,Single Family Residential,7105 NE 119th Ln,Kirkland,WA,98034,3900000,4,3.5,Holmes Point,3957,6298,2024,,986,175,Sold,,,https://www.redfin.com/WA/Kirkland/7105-NE-119th-Ln-98034/home/44657650,NWMLS as Distributed by MLS Grid,2236796,N,Y,47.70787,-122.2483139
PAST SALE,July-30-2025,Single Family Residential,17705 SE 58th Pl,Bellevue,WA,98006,3475000,5,4.5,Lakemont,6338,15690,2001,,548,50,Sold,,,https://www.redfin.com/WA/Bellevue/17705-SE-58th-Pl-98006/home/418954,NWMLS as Distributed by MLS Grid,2405275,N,Y,47.5504393,-122.105252
PAST SALE,April-8-2025,Single Family Residential,5607 256th Ave NE,Redmond,WA,98053,2850000,4,4.5,Union Hill,4317,217800,2001,,660,21,Sold,,,https://www.redfin.com/WA/Redmond/5607-256th-Ave-NE-98053/home/447838,NWMLS as Distributed by MLS Grid,2334139,N,Y,47.6561688,-121.9983886
PAST SALE,August-29-2025,Condo/Co-op,7280 W Lake Sammamish Pkwy NE Unit 4-206,Redmond,WA,98052,435700,2,1.0,Sammamish River,864,,1984,,504,479,Sold,,,https://www.redfin.com/WA/Redmond/7280-W-Lake-Sammamish-Pkwy-NE-98052/unit-04-206/home/50223,NWMLS as Distributed by MLS Grid,2414002,N,Y,47.6702206,-122.1296452
PAST SALE,July-3-2025,Single Family Residential,14725 SE 45th Ct,Bellevue,WA,98006,1400000,3,2.0,Somerset,1660,9800,1967,,843,,Sold,,,https://www.redfin.com/WA/Bellevue/14725-SE-45th-Ct-98006/home/237696,NWMLS as Distributed by MLS Grid,2388720,N,Y,47.5639842,-122.1435207
PAST SALE,July-11-2025,Single Family Residential,935 168 Ave NE,Bellevue,WA,98008,1285000,3,1.0,Lochmoor,990,7630,1959,,1298,,Sold,,,https://www.redfin.com/WA/Bellevue/935-168th-Ave-NE-98008/home/500172,NWMLS as Distributed by MLS Grid,2375013,N,Y,47.6185301,-122.1171531
PAST SALE,April-25-2025,Single Family Residential,12325 235th Pl NE,Redmond,WA,98053,1695000,2,2.5,Trilogy,2155,5788,2002,,787,340,Sold,,,https://www.redfin.com/WA/Redmond/12325-235th-Pl-NE-98053/home/444578,NWMLS as Distributed by MLS Grid,2356227,N,Y,47.709185,-122.02663
PAST SALE,April-24-2025,Single Family Residential,5060 Highland Dr,Bellevue,WA,98006,1650000,3,2.0,Somerset,1920,13100,1980,,859,6,Sold,,,https://www.redfin.com/WA/Bellevue/5060-Highland-Dr-98006/home/235575,NWMLS as Distributed by MLS Grid,2349363,N,Y,47.5572028,-122.1494077
PAST SALE,June-12-2025,Townhouse,7319 128th Ave NE,Kirkland,WA,98033,1200000,2,2.5,Rose Hill,1280,1800,2025,,938,56,Sold,,,https://www.redfin.com/WA/Kirkland/7319-128th-Ave-NE-98033/home/195827491,NWMLS as Distributed by MLS Grid,2376652,N,Y,47.6710602,-122.16968
PAST SALE,May-23-2025,Single Family Residential,8634 NE 121st Pl,Kirkland,WA,98034,2340000,4,3.0,Finn Hill,3525,22508,2016,,664,,Sold,,,https://www.redfin.com/WA/Kirkland/8634-NE-121st-Pl-98034/home/280685,NWMLS as Distributed by MLS Grid,2362610,N,Y,47.7100458,-122.22563
PAST SALE,April-22-2025,Condo/Co-op,8535 Avondale Rd NE Unit A303,Redmond,WA,98052,615000,2,2.0,Downtown Redmond,1117,,2009,,551,512,Sold,,,https://www.redfin.com/WA/Redmond/8535-Avondale-Rd-NE-98052/unit-A303/home/28624353,NWMLS as Distributed by MLS Grid,2340925,N,Y,47.6793356,-122.1044906
PAST SALE,July-2-2025,Single Family Residential,2539 128th Ave SE,Bellevue,WA,98005,2250000,5,5.0,Woodridge,2860,9800,1969,,787,,Sold,,,https://www.redfin.com/WA/Bellevue/2539-128th-Ave-SE-98005/home/506949,NWMLS as Distributed by MLS Grid,2388951,N,Y,47.5874859,-122.1697202
PAST SALE,August-18-2025,Condo/Co-op,345 101st Ave SE,Bellevue,WA,98004,1625000,2,2.0,Meydenbauer,1560,,1973,,1042,925,Sold,,,https://www.redfin.com/WA/Bellevue/345-101st-Ave-SE-98004/home/191282252,NWMLS as Distributed by MLS Grid,2408969,N,Y,47.6068374,-122.2058403
PAST SALE,August-21-2025,Condo/Co-op,838 Avenue Sq NE #1903,Bellevue,WA,98004,3420000,2,2.0,Downtown,1629,,2024,,2099,2203,Sold,,,https://www.redfin.com/WA/Bellevue/838-Avenue-Sq-NE-98004/unit-1903/home/194381749,NWMLS as Distributed by MLS Grid,2419269,N,Y,47.617775,-122.2029404
PAST SALE,August-11-2025,Condo/Co-op,231 19th Ave,Kirkland,WA,98033,1350000,2,2.5,East Of Market,1297,4409,2025,,1041,67,Sold,,,https://www.redfin.com/WA/Kirkland/231-19th-Ave-98033/home/196340801,NWMLS as Distributed by MLS Grid,2407456,N,Y,47.6911217,-122.2053835
